ds,y
2005-01-04,-1.86 
2005-01-05,0.53 
2005-01-06,-1.07 
2005-01-07,0.14 
2005-01-10,1.14 
2005-01-11,0.59 
2005-01-12,-0.07 
2005-01-13,-0.36 
2005-01-14,-0.62 
2005-01-17,-2.11 
2005-01-18,0.71 
2005-01-19,-0.77 
2005-01-20,-0.73 
2005-01-21,3.32 
2005-01-24,1.27 
2005-01-25,-0.09 
2005-01-26,-0.83 
2005-01-27,-1.55 
2005-01-28,-0.12 
2005-01-31,-0.85 
2005-02-01,0.51 
2005-02-02,5.21 
2005-02-03,-1.40 
2005-02-04,2.88 
2005-02-16,0.30 
2005-02-17,-0.61 
2005-02-18,-1.59 
2005-02-21,2.08 
2005-02-22,1.49 
2005-02-23,-1.03 
2005-02-24,-0.06 
2005-02-25,0.13 
2005-02-28,-1.09 
2005-03-01,-0.30 
2005-03-02,-1.20 
2005-03-03,0.68 
2005-03-04,-0.26 
2005-03-07,0.49 
2005-03-08,1.46 
2005-03-09,-0.79 
2005-03-10,-2.06 
2005-03-11,0.28 
2005-03-14,0.44 
2005-03-15,-1.94 
2005-03-16,-0.97 
2005-03-17,-0.74 
2005-03-18,-0.68 
2005-03-21,0.26 
2005-03-22,-1.83 
2005-03-23,-0.76 
2005-03-24,0.77 
2005-03-25,-0.22 
2005-03-28,-0.11 
2005-03-29,-0.35 
2005-03-30,-1.51 
2005-03-31,0.64 
2005-04-01,3.42 
2005-04-04,-1.74 
2005-04-05,-0.83 
2005-04-06,1.87 
2005-04-07,0.95 
2005-04-08,1.63 
2005-04-11,-0.85 
2005-04-12,-1.50 
2005-04-13,2.10 
2005-04-14,-1.15 
2005-04-15,-1.08 
2005-04-18,-1.31 
2005-04-19,0.37 
2005-04-20,-1.34 
2005-04-21,-0.64 
2005-04-22,0.17 
2005-04-25,-0.51 
2005-04-26,0.20 
2005-04-27,-1.25 
2005-04-28,1.46 
2005-04-29,-0.52 
2005-05-09,-1.82 
2005-05-10,0.49 
2005-05-11,-0.96 
2005-05-12,-2.30 
2005-05-13,0.45 
2005-05-16,-1.25 
2005-05-17,0.38 
2005-05-18,0.26 
2005-05-19,0.28 
2005-05-20,-0.23 
2005-05-23,-2.04 
2005-05-24,-0.05 
2005-05-25,0.03 
2005-05-26,-1.20 
2005-05-27,-0.57 
2005-05-30,0.63 
2005-05-31,0.26 
2005-06-01,-1.64 
2005-06-02,-2.45 
2005-06-03,-0.13 
2005-06-06,2.40 
2005-06-07,-0.50 
2005-06-08,8.20 
2005-06-09,0.83 
2005-06-10,-1.53 
2005-06-13,-0.88 
2005-06-14,-0.71 
2005-06-15,-1.24 
2005-06-16,1.63 
2005-06-17,0.63 
2005-06-20,2.38 
2005-06-21,-1.28 
2005-06-22,0.50 
2005-06-23,-0.75 
2005-06-24,0.52 
2005-06-27,1.30 
2005-06-28,-0.86 
2005-06-29,-0.47 
2005-06-30,-1.72 
2005-07-01,-1.41 
2005-07-04,-0.13 
2005-07-05,-0.79 
2005-07-06,-0.87 
2005-07-07,0.11 
2005-07-08,-1.09 
2005-07-11,-0.09 
2005-07-12,3.60 
2005-07-13,-0.60 
2005-07-14,0.68 
2005-07-15,-0.68 
2005-07-18,-0.21 
2005-07-19,0.08 
2005-07-20,0.81 
2005-07-21,0.46 
2005-07-22,1.55 
2005-07-25,-0.53 
2005-07-26,2.11 
2005-07-27,1.50 
2005-07-28,-0.33 
2005-07-29,-0.15 
2005-08-01,0.17 
2005-08-02,0.93 
2005-08-03,0.05 
2005-08-04,-0.33 
2005-08-05,2.16 
2005-08-08,0.05 
2005-08-09,0.23 
2005-08-10,0.93 
2005-08-11,1.23 
2005-08-12,-1.19 
2005-08-15,2.09 
2005-08-16,-1.34 
2005-08-17,0.68 
2005-08-18,-2.34 
2005-08-19,0.42 
2005-08-22,0.66 
2005-08-23,-0.61 
2005-08-24,0.90 
2005-08-25,-0.23 
2005-08-26,-0.17 
2005-08-29,-1.32 
2005-08-30,-0.28 
2005-08-31,0.95 
2005-09-01,1.36 
2005-09-02,0.19 
2005-09-05,-0.01 
2005-09-06,-1.64 
2005-09-07,1.15 
2005-09-08,0.24 
2005-09-09,-0.42 
2005-09-12,-0.20 
2005-09-13,0.97 
2005-09-14,0.49 
2005-09-15,-0.06 
2005-09-16,-0.35 
2005-09-19,0.11 
2005-09-20,-0.52 
2005-09-21,-1.95 
2005-09-22,-1.75 
2005-09-23,-0.47 
2005-09-26,0.07 
2005-09-27,-1.45 
2005-09-28,0.10 
2005-09-29,1.18 
2005-09-30,0.18 
2005-10-10,-0.74 
2005-10-11,1.06 
2005-10-12,-0.09 
2005-10-13,-0.88 
2005-10-14,-1.38 
2005-10-17,-1.05 
2005-10-18,0.28 
2005-10-19,-0.23 
2005-10-20,0.52 
2005-10-21,0.05 
2005-10-24,-0.38 
2005-10-25,-0.79 
2005-10-26,-2.08 
2005-10-27,0.29 
2005-10-28,-0.17 
2005-10-31,1.24 
2005-11-01,-0.29 
2005-11-02,0.78 
2005-11-03,-0.94 
2005-11-04,0.42 
2005-11-07,-0.62 
2005-11-08,0.55 
2005-11-09,-0.28 
2005-11-10,-1.30 
2005-11-11,0.01 
2005-11-14,-0.42 
2005-11-15,-0.55 
2005-11-16,0.66 
2005-11-17,-0.05 
2005-11-18,2.25 
2005-11-21,-0.26 
2005-11-22,-1.48 
2005-11-23,0.92 
2005-11-24,1.00 
2005-11-25,0.66 
2005-11-28,-0.49 
2005-11-29,-1.00 
2005-11-30,0.57 
2005-12-01,-0.09 
2005-12-02,-0.25 
2005-12-05,-0.75 
2005-12-06,1.18 
2005-12-07,0.97 
2005-12-08,-0.26 
2005-12-09,1.50 
2005-12-12,-0.30 
2005-12-13,-0.14 
2005-12-14,0.63 
2005-12-15,-0.03 
2005-12-16,0.49 
2005-12-19,-0.03 
2005-12-20,0.69 
2005-12-21,-0.41 
2005-12-22,0.43 
2005-12-23,0.51 
2005-12-26,0.52 
2005-12-27,-0.43 
2005-12-28,0.17 
2005-12-29,1.05 
2005-12-30,-0.69 
2006-01-04,2.03 
2006-01-05,1.88 
2006-01-06,1.09 
2006-01-09,0.17 
2006-01-10,0.03 
2006-01-11,-0.75 
2006-01-12,0.52 
2006-01-13,-0.65 
2006-01-16,-1.95 
2006-01-17,0.43 
2006-01-18,2.05 
2006-01-19,0.65 
2006-01-20,-0.03 
2006-01-23,-0.03 
2006-01-24,-0.20 
2006-01-25,1.02 
2006-02-06,1.66 
2006-02-07,-0.51 
2006-02-08,0.69 
2006-02-09,-1.36 
2006-02-10,1.08 
2006-02-13,-0.04 
2006-02-14,0.35 
2006-02-15,0.62 
2006-02-16,-1.38 
2006-02-17,0.23 
2006-02-20,0.00 
2006-02-21,1.70 
2006-02-22,-0.28 
2006-02-23,0.87 
2006-02-24,0.58 
2006-02-27,0.55 
2006-02-28,0.60 
2006-03-01,0.30 
2006-03-02,-2.12 
2006-03-03,0.43 
2006-03-06,-0.12 
2006-03-07,-1.99 
2006-03-08,-0.30 
2006-03-09,-0.69 
2006-03-10,0.44 
2006-03-13,0.76 
2006-03-14,-0.32 
2006-03-15,0.87 
2006-03-16,-0.30 
2006-03-17,-0.28 
2006-03-20,1.37 
2006-03-21,0.01 
2006-03-22,0.07 
2006-03-23,-0.08 
2006-03-24,-0.65 
2006-03-27,0.36 
2006-03-28,0.25 
2006-03-29,1.20 
2006-03-30,-0.85 
2006-03-31,0.07 
2006-04-03,1.50 
2006-04-04,1.04 
2006-04-05,0.61 
2006-04-06,-0.51 
2006-04-07,-0.48 
2006-04-10,1.33 
2006-04-11,0.34 
2006-04-12,-0.38 
2006-04-13,-1.85 
2006-04-14,2.07 
2006-04-17,1.16 
2006-04-18,0.68 
2006-04-19,0.36 
2006-04-20,-0.94 
2006-04-21,1.93 
2006-04-24,0.11 
2006-04-25,-1.02 
2006-04-26,1.81 
2006-04-27,-0.51 
2006-04-28,2.24 
2006-05-08,3.30 
2006-05-09,2.15 
2006-05-10,0.53 
2006-05-11,-0.99 
2006-05-12,3.76 
2006-05-15,3.33 
2006-05-16,-0.58 
2006-05-17,0.12 
2006-05-18,-1.18 
2006-05-19,2.62 
2006-05-22,-0.06 
2006-05-23,-3.34 
2006-05-24,-0.30 
2006-05-25,-0.48 
2006-05-26,1.28 
2006-05-29,2.48 
2006-05-30,0.15 
2006-05-31,-1.23 
2006-06-01,2.54 
2006-06-02,-0.79 
2006-06-05,0.49 
2006-06-06,-0.21 
2006-06-07,-4.92 
2006-06-08,1.02 
2006-06-09,-2.42 
2006-06-12,0.31 
2006-06-13,-0.20 
2006-06-14,-1.02 
2006-06-15,-0.01 
2006-06-16,2.48 
2006-06-19,0.89 
2006-06-20,0.37 
2006-06-21,-0.38 
2006-06-22,0.07 
2006-06-23,0.40 
2006-06-26,2.04 
2006-06-27,-0.18 
2006-06-28,-0.05 
2006-06-29,2.26 
2006-06-30,-0.21 
2006-07-03,2.06 
2006-07-04,-0.91 
2006-07-05,-2.00 
2006-07-06,1.56 
2006-07-07,-0.97 
2006-07-10,-0.02 
2006-07-11,0.27 
2006-07-12,-0.11 
2006-07-13,-4.42 
2006-07-14,0.69 
2006-07-17,0.78 
2006-07-18,-0.26 
2006-07-19,-2.27 
2006-07-20,0.62 
2006-07-21,0.92 
2006-07-24,0.14 
2006-07-25,0.95 
2006-07-26,0.13 
2006-07-27,-0.83 
2006-07-28,-0.94 
2006-07-31,-2.86 
2006-08-01,-0.92 
2006-08-02,-0.35 
2006-08-03,0.06 
2006-08-04,-1.72 
2006-08-07,-1.29 
2006-08-08,1.68 
2006-08-09,-0.09 
2006-08-10,1.81 
2006-08-11,0.00 
2006-08-14,-1.90 
2006-08-15,1.55 
2006-08-16,1.10 
2006-08-17,-0.94 
2006-08-18,-0.13 
2006-08-21,0.03 
2006-08-22,1.01 
2006-08-23,0.33 
2006-08-24,0.62 
2006-08-25,0.00 
2006-08-28,2.00 
2006-08-29,0.08 
2006-08-30,-0.08 
2006-08-31,-0.02 
2006-09-01,-1.42 
2006-09-04,1.20 
2006-09-05,0.58 
2006-09-06,0.39 
2006-09-07,-1.05 
2006-09-08,0.54 
2006-09-11,0.67 
2006-09-12,0.85 
2006-09-13,0.21 
2006-09-14,0.10 
2006-09-15,2.25 
2006-09-18,0.21 
2006-09-19,0.50 
2006-09-20,-0.27 
2006-09-21,0.72 
2006-09-22,-1.15 
2006-09-25,-0.23 
2006-09-26,-1.32 
2006-09-27,1.06 
2006-09-28,1.21 
2006-09-29,1.25 
2006-10-09,3.20 
2006-10-10,0.07 
2006-10-11,0.02 
2006-10-12,-0.45 
2006-10-13,0.20 
2006-10-16,-1.23 
2006-10-17,-0.88 
2006-10-18,1.91 
2006-10-19,0.13 
2006-10-20,0.34 
2006-10-23,-1.70 
2006-10-24,2.33 
2006-10-25,0.61 
2006-10-26,1.01 
2006-10-27,-1.15 
2006-10-30,0.96 
2006-10-31,1.53 
2006-11-01,1.48 
2006-11-02,-0.27 
2006-11-03,0.89 
2006-11-06,2.19 
2006-11-07,1.04 
2006-11-08,-1.37 
2006-11-09,2.17 
2006-11-10,-0.46 
2006-11-13,-1.32 
2006-11-14,1.31 
2006-11-15,2.46 
2006-11-16,0.45 
2006-11-17,1.69 
2006-11-20,3.14 
2006-11-21,1.04 
2006-11-22,0.41 
2006-11-23,0.97 
2006-11-24,-0.70 
2006-11-27,-0.33 
2006-11-28,-1.00 
2006-11-29,1.11 
2006-11-30,3.07 
2006-12-01,0.36 
2006-12-04,3.93 
2006-12-05,0.94 
2006-12-06,-0.14 
2006-12-07,0.64 
2006-12-08,-3.58 
2006-12-11,4.89 
2006-12-12,1.31 
2006-12-13,-0.05 
2006-12-14,1.90 
2006-12-15,1.50 
2006-12-18,2.51 
2006-12-19,0.37 
2006-12-20,0.05 
2006-12-21,-1.44 
2006-12-22,-0.37 
2006-12-25,3.15 
2006-12-26,0.52 
2006-12-27,3.14 
2006-12-28,0.62 
2006-12-29,3.92 
2007-01-04,1.71 
2007-01-05,-1.14 
2007-01-08,2.29 
2007-01-09,4.08 
2007-01-10,1.62 
2007-01-11,-1.85 
2007-01-12,-2.65 
2007-01-15,4.64 
2007-01-16,1.47 
2007-01-17,-1.82 
2007-01-18,-0.96 
2007-01-19,3.03 
2007-01-22,4.01 
2007-01-23,1.47 
2007-01-24,1.89 
2007-01-25,-2.21 
2007-01-26,3.16 
2007-01-29,2.67 
2007-01-30,-1.13 
2007-01-31,-6.57 
2007-02-01,-0.06 
2007-02-02,-4.71 
2007-02-05,-2.50 
2007-02-06,2.52 
2007-02-07,2.42 
2007-02-08,1.09 
2007-02-09,-0.98 
2007-02-12,3.95 
2007-02-13,1.26 
2007-02-14,3.10 
2007-02-15,2.83 
2007-02-16,-0.11 
2007-02-26,0.44 
2007-02-27,-9.47 
2007-02-28,3.24 
2007-03-01,-2.70 
2007-03-02,1.44 
2007-03-05,-2.38 
2007-03-06,2.83 
2007-03-07,2.53 
2007-03-08,0.97 
2007-03-09,-0.28 
2007-03-12,-0.17 
2007-03-13,0.44 
2007-03-14,-2.30 
2007-03-15,1.78 
2007-03-16,-1.42 
2007-03-19,3.25 
2007-03-20,-0.05 
2007-03-21,0.82 
2007-03-22,0.71 
2007-03-23,-0.38 
2007-03-26,1.36 
2007-03-27,0.32 
2007-03-28,1.82 
2007-03-29,1.03 
2007-03-30,-0.57 
2007-04-02,2.37 
2007-04-03,0.87 
2007-04-04,0.41 
2007-04-05,0.84 
2007-04-06,-0.08 
2007-04-09,2.19 
2007-04-10,1.26 
2007-04-11,1.40 
2007-04-12,1.06 
2007-04-13,-0.68 
2007-04-16,2.68 
2007-04-17,-0.32 
2007-04-18,-0.72 
2007-04-19,-4.14 
2007-04-20,3.87 
2007-04-23,4.08 
2007-04-24,0.29 
2007-04-25,0.75 
2007-04-26,0.86 
2007-04-27,-0.77 
2007-04-30,2.85 
2007-05-08,2.66 
2007-05-09,1.03 
2007-05-10,0.89 
2007-05-11,-0.61 
2007-05-14,0.61 
2007-05-15,-3.98 
2007-05-16,2.09 
2007-05-17,1.56 
2007-05-18,-0.64 
2007-05-21,0.36 
2007-05-22,0.63 
2007-05-23,1.29 
2007-05-24,-0.45 
2007-05-25,1.23 
2007-05-28,1.91 
2007-05-29,1.72 
2007-05-30,-6.34 
2007-05-31,2.92 
2007-06-01,-1.15 
2007-06-04,-7.25 
2007-06-05,3.07 
2007-06-06,0.10 
2007-06-07,2.70 
2007-06-08,-0.02 
2007-06-11,2.18 
2007-06-12,2.21 
2007-06-13,2.11 
2007-06-14,-1.17 
2007-06-15,0.85 
2007-06-18,3.22 
2007-06-19,-0.04 
2007-06-20,-2.34 
2007-06-21,1.66 
2007-06-22,-2.33 
2007-06-25,-3.13 
2007-06-26,0.81 
2007-06-27,3.07 
2007-06-28,-2.87 
2007-06-29,-1.81 
2007-07-02,-0.17 
2007-07-03,1.52 
2007-07-04,-2.62 
2007-07-05,-4.58 
2007-07-06,4.18 
2007-07-09,2.74 
2007-07-10,-0.07 
2007-07-11,0.02 
2007-07-12,1.09 
2007-07-13,0.03 
2007-07-16,-3.10 
2007-07-17,2.71 
2007-07-18,0.76 
2007-07-19,-0.21 
2007-07-20,4.38 
2007-07-23,3.96 
2007-07-24,0.04 
2007-07-25,2.41 
2007-07-26,0.31 
2007-07-27,-0.65 
2007-07-30,2.01 
2007-07-31,0.96 
2007-08-01,-3.26 
2007-08-02,2.47 
2007-08-03,4.69 
2007-08-06,2.13 
2007-08-07,0.49 
2007-08-08,-0.45 
2007-08-09,3.01 
2007-08-10,0.09 
2007-08-13,0.88 
2007-08-14,1.24 
2007-08-15,0.32 
2007-08-16,-2.64 
2007-08-17,-2.50 
2007-08-20,6.23 
2007-08-21,1.90 
2007-08-22,1.18 
2007-08-23,1.61 
2007-08-24,2.28 
2007-08-27,0.73 
2007-08-28,0.32 
2007-08-29,-1.63 
2007-08-30,0.76 
2007-08-31,0.95 
2007-09-03,2.18 
2007-09-04,-1.74 
2007-09-05,-0.46 
2007-09-06,1.38 
2007-09-07,-2.21 
2007-09-10,1.48 
2007-09-11,-4.33 
2007-09-12,1.09 
2007-09-13,2.66 
2007-09-14,0.54 
2007-09-17,1.74 
2007-09-18,-0.78 
2007-09-19,-1.03 
2007-09-20,1.46 
2007-09-21,-0.60 
2007-09-24,0.83 
2007-09-25,-0.91 
2007-09-26,-1.26 
2007-09-27,1.18 
2007-09-28,2.82 
2007-10-08,2.18 
2007-10-09,0.55 
2007-10-10,0.46 
2007-10-11,2.97 
2007-10-12,0.02 
2007-10-15,2.53 
2007-10-16,0.80 
2007-10-17,-1.01 
2007-10-18,-3.75 
2007-10-19,-0.31 
2007-10-22,-2.32 
2007-10-23,1.94 
2007-10-24,1.68 
2007-10-25,-4.10 
2007-10-26,1.51 
2007-10-29,2.19 
2007-10-30,1.44 
2007-10-31,0.77 
2007-11-01,-0.44 
2007-11-02,-1.39 
2007-11-05,-2.91 
2007-11-06,-1.50 
2007-11-07,0.89 
2007-11-08,-5.22 
2007-11-09,-0.37 
2007-11-12,-0.78 
2007-11-13,-0.88 
2007-11-14,4.32 
2007-11-15,-1.07 
2007-11-16,-1.63 
2007-11-19,-1.14 
2007-11-20,1.22 
2007-11-21,-1.72 
2007-11-22,-4.15 
2007-11-23,1.68 
2007-11-26,-1.29 
2007-11-27,-2.06 
2007-11-28,-1.19 
2007-11-29,5.06 
2007-11-30,-2.40 
2007-12-03,0.77 
2007-12-04,1.36 
2007-12-05,2.72 
2007-12-06,-0.02 
2007-12-07,1.28 
2007-12-10,1.06 
2007-12-11,-0.15 
2007-12-12,-1.82 
2007-12-13,-3.30 
2007-12-14,1.52 
2007-12-17,-3.31 
2007-12-18,-0.70 
2007-12-19,2.70 
2007-12-20,2.20 
2007-12-21,1.01 
2007-12-24,2.24 
2007-12-25,-0.25 
2007-12-26,0.32 
2007-12-27,1.99 
2007-12-28,-0.75 
2008-01-02,-0.17 
2008-01-03,0.25 
2008-01-04,1.24 
2008-01-07,1.11 
2008-01-08,0.64 
2008-01-09,1.10 
2008-01-10,0.58 
2008-01-11,1.13 
2008-01-14,0.39 
2008-01-15,-1.30 
2008-01-16,-3.76 
2008-01-17,-2.23 
2008-01-18,0.41 
2008-01-21,-5.25 
2008-01-22,-7.46 
2008-01-23,3.91 
2008-01-24,-0.12 
2008-01-25,1.50 
2008-01-28,-7.18 
2008-01-29,0.41 
2008-01-30,-1.96 
2008-01-31,-1.22 
2008-02-01,0.06 
2008-02-04,8.46 
2008-02-05,-0.79 
2008-02-13,-2.81 
2008-02-14,1.28 
2008-02-15,-1.64 
2008-02-18,1.72 
2008-02-19,2.10 
2008-02-20,-2.92 
2008-02-21,-1.51 
2008-02-22,-4.27 
2008-02-25,-3.87 
2008-02-26,0.95 
2008-02-27,2.86 
2008-02-28,-0.70 
2008-02-29,1.02 
2008-03-03,1.98 
2008-03-04,-3.24 
2008-03-05,-1.29 
2008-03-06,1.93 
2008-03-07,-1.46 
2008-03-10,-4.10 
2008-03-11,0.25 
2008-03-12,-3.06 
2008-03-13,-1.67 
2008-03-14,-0.88 
2008-03-17,-3.25 
2008-03-18,-3.84 
2008-03-19,2.64 
2008-03-20,2.26 
2008-03-21,0.33 
2008-03-24,-5.04 
2008-03-25,0.53 
2008-03-26,0.42 
2008-03-27,-4.70 
2008-03-28,5.44 
2008-03-31,-2.97 
2008-04-01,-3.91 
2008-04-02,1.15 
2008-04-03,3.06 
2008-04-07,4.44 
2008-04-08,0.52 
2008-04-09,-5.61 
2008-04-10,1.33 
2008-04-11,0.88 
2008-04-14,-6.30 
2008-04-15,1.14 
2008-04-16,-2.24 
2008-04-17,-2.49 
2008-04-18,-2.99 
2008-04-21,1.36 
2008-04-22,1.97 
2008-04-23,4.72 
2008-04-24,9.67 
2008-04-25,0.13 
2008-04-28,-2.22 
2008-04-29,1.45 
2008-04-30,5.56 
2008-05-05,1.39 
2008-05-06,-1.27 
2008-05-07,-4.76 
2008-05-08,1.94 
2008-05-09,-1.95 
2008-05-12,0.44 
2008-05-13,-2.22 
2008-05-14,3.50 
2008-05-15,-0.72 
2008-05-16,0.12 
2008-05-19,-1.02 
2008-05-20,-4.80 
2008-05-21,1.98 
2008-05-22,-1.76 
2008-05-23,-0.11 
2008-05-26,-3.28 
2008-05-27,0.33 
2008-05-28,2.98 
2008-05-29,-2.48 
2008-05-30,1.26 
2008-06-02,0.48 
2008-06-03,-0.36 
2008-06-04,-2.40 
2008-06-05,-0.53 
2008-06-06,-0.76 
2008-06-10,-8.18 
2008-06-11,-1.37 
2008-06-12,-2.41 
2008-06-13,-2.72 
2008-06-16,0.04 
2008-06-17,-2.64 
2008-06-18,4.70 
2008-06-19,-7.07 
2008-06-20,3.29 
2008-06-23,-2.36 
2008-06-24,1.62 
2008-06-25,3.47 
2008-06-26,-0.32 
2008-06-27,-5.18 
2008-06-30,-1.39 
2008-07-01,-4.35 
2008-07-02,-0.87 
2008-07-03,1.26 
2008-07-04,-0.56 
2008-07-07,5.44 
2008-07-08,0.13 
2008-07-09,4.40 
2008-07-10,-1.33 
2008-07-11,-0.61 
2008-07-14,0.61 
2008-07-15,-4.48 
2008-07-16,-3.20 
2008-07-17,-0.74 
2008-07-18,4.12 
2008-07-21,3.23 
2008-07-22,-0.48 
2008-07-23,-0.21 
2008-07-24,3.91 
2008-07-25,-1.47 
2008-07-28,0.55 
2008-07-29,-1.99 
2008-07-30,-0.61 
2008-07-31,-2.49 
2008-08-01,1.92 
2008-08-04,-2.26 
2008-08-05,-1.64 
2008-08-06,1.39 
2008-08-07,-0.29 
2008-08-08,-4.05 
2008-08-11,-3.96 
2008-08-12,-0.72 
2008-08-13,-0.61 
2008-08-14,-0.42 
2008-08-15,0.84 
2008-08-18,-4.98 
2008-08-19,1.56 
2008-08-20,8.14 
2008-08-21,-3.28 
2008-08-22,-1.41 
2008-08-25,0.35 
2008-08-26,-1.78 
2008-08-27,0.10 
2008-08-28,0.88 
2008-08-29,1.89 
2008-09-01,-3.52 
2008-09-02,-1.24 
2008-09-03,-1.75 
2008-09-04,-0.18 
2008-09-05,-2.65 
2008-09-08,-1.48 
2008-09-09,0.58 
2008-09-10,0.06 
2008-09-11,-4.04 
2008-09-12,0.13 
2008-09-16,-5.63 
2008-09-17,-5.11 
2008-09-18,-1.59 
2008-09-19,9.41 
2008-09-22,7.87 
2008-09-23,-3.05 
2008-09-24,0.58 
2008-09-25,4.19 
2008-09-26,0.14 
2008-10-06,-5.44 
2008-10-07,-2.01 
2008-10-08,-4.63 
2008-10-09,-0.84 
2008-10-10,-3.71 
2008-10-13,5.61 
2008-10-14,-3.04 
2008-10-15,-1.04 
2008-10-16,-4.86 
2008-10-17,0.47 
2008-10-20,3.48 
2008-10-21,-1.15 
2008-10-22,-2.85 
2008-10-23,-0.80 
2008-10-24,-3.50 
2008-10-27,-7.27 
2008-10-28,3.67 
2008-10-29,-2.71 
2008-10-30,3.18 
2008-10-31,-2.29 
2008-11-03,-0.29 
2008-11-04,-0.82 
2008-11-05,4.40 
2008-11-06,-2.78 
2008-11-07,2.31 
2008-11-10,7.79 
2008-11-11,-1.80 
2008-11-12,0.99 
2008-11-13,3.60 
2008-11-14,2.69 
2008-11-17,1.45 
2008-11-18,-7.23 
2008-11-19,5.80 
2008-11-20,-2.07 
2008-11-21,-0.71 
2008-11-24,-4.36 
2008-11-25,-0.02 
2008-11-26,0.37 
2008-11-27,1.05 
2008-11-28,-3.06 
2008-12-01,0.97 
2008-12-02,-0.38 
2008-12-03,4.75 
2008-12-04,2.33 
2008-12-05,1.11 
2008-12-08,4.18 
2008-12-09,-3.01 
2008-12-10,3.41 
2008-12-11,-2.52 
2008-12-12,-4.32 
2008-12-15,0.63 
2008-12-16,0.22 
2008-12-17,-0.11 
2008-12-18,2.81 
2008-12-19,0.09 
2008-12-22,-2.04 
2008-12-23,-4.64 
2008-12-24,-1.57 
2008-12-25,-0.91 
2008-12-26,0.07 
2008-12-29,-0.65 
2008-12-30,-1.22 
2008-12-31,-0.39 
2009-01-05,3.75 
2009-01-06,3.16 
2009-01-07,-0.93 
2009-01-08,-2.61 
2009-01-09,1.19 
2009-01-12,-0.37 
2009-01-13,-1.92 
2009-01-14,4.43 
2009-01-15,-0.51 
2009-01-16,2.23 
2009-01-19,1.84 
2009-01-20,0.64 
2009-01-21,-0.17 
2009-01-22,0.70 
2009-01-23,-0.60 
2009-02-02,0.22 
2009-02-03,2.50 
2009-02-04,3.26 
2009-02-05,-0.14 
2009-02-06,3.65 
2009-02-09,1.63 
2009-02-10,0.41 
2009-02-11,0.31 
2009-02-12,-1.71 
2009-02-13,3.31 
2009-02-16,3.50 
2009-02-17,-2.92 
2009-02-18,-4.99 
2009-02-19,-0.01 
2009-02-20,1.16 
2009-02-23,2.25 
2009-02-24,-5.36 
2009-02-25,1.32 
2009-02-26,-3.41 
2009-02-27,-0.85 
2009-03-02,0.04 
2009-03-03,-1.80 
2009-03-04,6.88 
2009-03-05,1.38 
2009-03-06,-1.05 
2009-03-09,-3.38 
2009-03-10,1.73 
2009-03-11,-0.85 
2009-03-12,-0.35 
2009-03-13,-0.14 
2009-03-16,1.86 
2009-03-17,2.98 
2009-03-18,-0.19 
2009-03-19,1.85 
2009-03-20,-0.44 
2009-03-23,2.37 
2009-03-24,0.51 
2009-03-25,-1.62 
2009-03-26,3.69 
2009-03-27,0.76 
2009-03-30,-0.45 
2009-03-31,0.71 
2009-04-01,1.19 
2009-04-02,1.42 
2009-04-03,0.76 
2009-04-07,0.07 
2009-04-08,-4.11 
2009-04-09,1.70 
2009-04-10,2.60 
2009-04-13,2.34 
2009-04-14,0.49 
2009-04-15,-0.29 
2009-04-16,-0.01 
2009-04-17,-1.18 
2009-04-20,1.90 
2009-04-21,-1.34 
2009-04-22,-2.89 
2009-04-23,0.09 
2009-04-24,-0.84 
2009-04-27,-1.79 
2009-04-28,-0.07 
2009-04-29,4.10 
2009-04-30,-0.28 
2009-05-04,3.28 
2009-05-05,0.16 
2009-05-06,0.98 
2009-05-07,0.55 
2009-05-08,1.60 
2009-05-11,-1.10 
2009-05-12,1.76 
2009-05-13,0.88 
2009-05-14,-1.57 
2009-05-15,0.04 
2009-05-18,0.33 
2009-05-19,1.03 
2009-05-20,-1.49 
2009-05-21,-2.32 
2009-05-22,-0.24 
2009-05-25,0.17 
2009-05-26,-1.29 
2009-05-27,2.35 
2009-06-01,4.30 
2009-06-02,-0.10 
2009-06-03,3.61 
2009-06-04,1.14 
2009-06-05,-0.63 
2009-06-08,1.21 
2009-06-09,0.49 
2009-06-10,0.68 
2009-06-11,-0.70 
2009-06-12,-1.83 
2009-06-15,2.82 
2009-06-16,-0.44 
2009-06-17,1.29 
2009-06-18,2.12 
2009-06-19,1.13 
2009-06-22,0.50 
2009-06-23,0.46 
2009-06-24,0.20 
2009-06-25,-0.01 
2009-06-26,0.36 
2009-06-29,1.99 
2009-06-30,-0.43 
2009-07-01,2.52 
2009-07-02,1.65 
2009-07-03,1.10 
2009-07-06,1.64 
2009-07-07,-1.27 
2009-07-08,-0.59 
2009-07-09,1.19 
2009-07-10,-0.51 
2009-07-13,-2.05 
2009-07-14,3.29 
2009-07-15,1.10 
2009-07-16,0.83 
2009-07-17,0.24 
2009-07-20,1.83 
2009-07-21,-1.11 
2009-07-22,2.08 
2009-07-23,1.50 
2009-07-24,0.95 
2009-07-27,2.26 
2009-07-28,-0.20 
2009-07-29,-4.56 
2009-07-30,3.09 
2009-07-31,2.28 
2009-08-03,0.74 
2009-08-04,-0.97 
2009-08-05,-1.72 
2009-08-06,-2.31 
2009-08-07,-2.36 
2009-08-10,-0.85 
2009-08-11,0.11 
2009-08-12,-4.64 
2009-08-13,1.41 
2009-08-14,-2.58 
2009-08-17,-5.35 
2009-08-18,0.48 
2009-08-19,-4.78 
2009-08-20,4.61 
2009-08-21,1.46 
2009-08-24,0.02 
2009-08-25,-4.58 
2009-08-26,1.46 
2009-08-27,-0.72 
2009-08-28,-3.62 
2009-08-31,-6.70 
2009-09-01,1.47 
2009-09-02,2.25 
2009-09-03,5.04 
2009-09-04,0.31 
2009-09-07,0.73 
2009-09-08,1.82 
2009-09-09,0.44 
2009-09-10,-0.91 
2009-09-11,3.19 
2009-09-14,1.17 
2009-09-15,0.03 
2009-09-16,-2.04 
2009-09-17,1.99 
2009-09-18,-3.64 
2009-09-21,-0.26 
2009-09-22,-2.50 
2009-09-23,-1.52 
2009-09-24,1.62 
2009-09-25,-0.39 
2009-09-28,-2.87 
2009-09-29,0.71 
2009-09-30,0.96 
2009-10-09,5.02 
2009-10-12,-0.64 
2009-10-13,1.65 
2009-10-14,0.88 
2009-10-15,0.48 
2009-10-16,-0.20 
2009-10-19,2.29 
2009-10-20,1.75 
2009-10-21,-0.19 
2009-10-22,-0.88 
2009-10-23,2.16 
2009-10-26,0.12 
2009-10-27,-2.87 
2009-10-28,-0.16 
2009-10-29,-2.50 
2009-10-30,1.15 
2009-11-02,3.60 
2009-11-03,1.06 
2009-11-04,0.59 
2009-11-05,0.11 
2009-11-06,0.29 
2009-11-09,0.26 
2009-11-10,0.06 
2009-11-11,-0.35 
2009-11-12,-0.13 
2009-11-13,0.62 
2009-11-16,3.07 
2009-11-17,0.17 
2009-11-18,0.00 
2009-11-19,-0.11 
2009-11-20,-0.76 
2009-11-23,0.43 
2009-11-24,-2.73 
2009-11-25,1.70 
2009-11-26,-4.17 
2009-11-27,-2.86 
2009-11-30,3.29 
2009-12-01,0.99 
2009-12-02,0.86 
2009-12-03,-0.64 
2009-12-04,3.60 
2009-12-07,0.30 
2009-12-08,-1.63 
2009-12-09,-2.26 
2009-12-10,0.59 
2009-12-11,-0.10 
2009-12-14,1.86 
2009-12-15,-1.13 
2009-12-16,-0.49 
2009-12-17,-1.90 
2009-12-18,-1.63 
2009-12-21,-0.48 
2009-12-22,-2.31 
2009-12-23,0.54 
2009-12-24,2.54 
2009-12-25,-0.98 
2009-12-28,1.65 
2009-12-29,1.03 
2009-12-30,2.85 
2009-12-31,0.47 
2010-01-04,-1.53 
2010-01-05,1.17 
2010-01-06,-1.18 
2010-01-07,-2.00 
2010-01-08,0.10 
2010-01-11,0.51 
2010-01-12,1.18 
2010-01-13,-4.32 
2010-01-14,0.96 
2010-01-15,0.21 
2010-01-18,-0.27 
2010-01-19,0.48 
2010-01-20,-3.01 
2010-01-21,0.77 
2010-01-22,0.10 
2010-01-25,-1.12 
2010-01-26,-1.79 
2010-01-27,-2.03 
2010-01-28,-0.53 
2010-01-29,-0.38 
2010-02-01,-1.56 
2010-02-02,0.23 
2010-02-03,2.88 
2010-02-04,-0.72 
2010-02-05,-1.85 
2010-02-08,-0.38 
2010-02-09,0.81 
2010-02-10,1.39 
2010-02-11,0.23 
2010-02-12,0.85 
2010-02-22,-0.67 
2010-02-23,-1.81 
2010-02-24,1.07 
2010-02-25,1.37 
2010-02-26,-0.36 
2010-03-01,1.62 
2010-03-02,-0.38 
2010-03-03,0.42 
2010-03-04,-2.16 
2010-03-05,0.27 
2010-03-08,0.74 
2010-03-09,0.78 
2010-03-10,-0.43 
2010-03-11,0.33 
2010-03-12,-1.11 
2010-03-15,-1.49 
2010-03-16,0.93 
2010-03-17,2.01 
2010-03-18,-0.53 
2010-03-19,0.68 
2010-03-22,0.26 
2010-03-23,-1.06 
2010-03-24,-0.01 
2010-03-25,-1.43 
2010-03-26,1.48 
2010-03-29,3.11 
2010-03-30,0.19 
2010-03-31,-0.75 
2010-04-01,1.10 
2010-04-02,0.11 
2010-04-06,-0.03 
2010-04-07,-0.69 
2010-04-08,-1.55 
2010-04-09,0.86 
2010-04-12,-1.21 
2010-04-13,2.05 
2010-04-14,0.08 
2010-04-15,0.00 
2010-04-16,-1.58 
2010-04-19,-5.08 
2010-04-20,-0.27 
2010-04-21,1.53 
2010-04-22,-1.89 
2010-04-23,-0.50 
2010-04-26,-0.68 
2010-04-27,-1.77 
2010-04-28,-0.25 
2010-04-29,-0.10 
2010-04-30,1.18 
2010-05-04,-1.84 
2010-05-05,0.01 
2010-05-06,-4.88 
2010-05-07,-1.34 
2010-05-10,1.38 
2010-05-11,-1.99 
2010-05-12,1.70 
2010-05-13,2.02 
2010-05-14,-1.07 
2010-05-17,-4.56 
2010-05-18,2.11 
2010-05-19,-0.62 
2010-05-20,-1.58 
2010-05-21,0.94 
2010-05-24,3.31 
2010-05-25,-2.46 
2010-05-26,-0.03 
2010-05-27,1.28 
2010-05-28,-0.47 
2010-05-31,-2.41 
2010-06-01,-0.76 
2010-06-02,-0.18 
2010-06-03,-0.67 
2010-06-04,-0.04 
2010-06-07,-2.17 
2010-06-08,-0.44 
2010-06-09,3.35 
2010-06-10,-1.73 
2010-06-11,0.50 
2010-06-17,-0.06 
2010-06-18,-0.60 
2010-06-21,3.35 
2010-06-22,-0.19 
2010-06-23,-0.85 
2010-06-24,0.05 
2010-06-25,0.07 
2010-06-28,-0.28 
2010-06-29,-4.05 
2010-06-30,-0.76 
2010-07-01,-1.06 
2010-07-02,0.71 
2010-07-05,-0.82 
2010-07-06,1.60 
2010-07-07,0.17 
2010-07-08,-0.08 
2010-07-09,2.31 
2010-07-12,0.93 
2010-07-13,-1.51 
2010-07-14,0.75 
2010-07-15,-1.73 
2010-07-16,-0.08 
2010-07-19,2.14 
2010-07-20,1.67 
2010-07-21,0.23 
2010-07-22,1.02 
2010-07-23,0.60 
2010-07-26,0.33 
2010-07-27,-0.81 
2010-07-28,2.46 
2010-07-29,0.52 
2010-07-30,-0.36 
2010-08-02,1.45 
2010-08-03,-1.85 
2010-08-04,0.16 
2010-08-05,-1.37 
2010-08-06,1.27 
2010-08-09,0.44 
2010-08-10,-2.69 
2010-08-11,0.27 
2010-08-12,-1.31 
2010-08-13,0.85 
2010-08-16,2.10 
2010-08-17,0.43 
2010-08-18,-0.26 
2010-08-19,0.99 
2010-08-20,-1.36 
2010-08-23,-0.22 
2010-08-24,-0.14 
2010-08-25,-2.30 
2010-08-26,-0.02 
2010-08-27,0.15 
2010-08-30,1.30 
2010-08-31,-0.96 
2010-09-01,-0.34 
2010-09-02,0.97 
2010-09-03,-0.35 
2010-09-06,2.41 
2010-09-07,-0.13 
2010-09-08,-0.85 
2010-09-09,-1.94 
2010-09-10,-0.14 
2010-09-13,0.34 
2010-09-14,0.15 
2010-09-15,-1.66 
2010-09-16,-1.83 
2010-09-17,-0.06 
2010-09-20,0.19 
2010-09-21,0.19 
2010-09-27,0.92 
2010-09-28,-0.94 
2010-09-29,0.26 
2010-09-30,2.37 
2010-10-08,4.02 
2010-10-11,3.87 
2010-10-12,1.20 
2010-10-13,1.62 
2010-10-14,1.66 
2010-10-15,4.33 
2010-10-18,-0.56 
2010-10-19,1.63 
2010-10-20,0.30 
2010-10-21,-1.75 
2010-10-22,-0.63 
2010-10-25,2.84 
2010-10-26,-0.97 
2010-10-27,-2.06 
2010-10-28,-0.05 
2010-10-29,-1.56 
2010-11-01,2.24 
2010-11-02,-0.30 
2010-11-03,-0.23 
2010-11-04,1.27 
2010-11-05,1.08 
2010-11-08,0.48 
2010-11-09,-1.42 
2010-11-10,-1.38 
2010-11-11,1.17 
2010-11-12,-5.40 
2010-11-15,-0.18 
2010-11-16,-4.43 
2010-11-17,-0.93 
2010-11-18,1.18 
2010-11-19,0.10 
2010-11-22,-0.97 
2010-11-23,-1.90 
2010-11-24,1.66 
2010-11-25,1.35 
2010-11-26,-1.12 
2010-11-29,-0.32 
2010-11-30,-1.59 
2010-12-01,0.22 
2010-12-02,0.70 
2010-12-03,0.50 
2010-12-06,1.19 
2010-12-07,0.72 
2010-12-08,-1.38 
2010-12-09,-1.09 
2010-12-10,1.27 
2010-12-13,2.61 
2010-12-14,-0.21 
2010-12-15,-0.77 
2010-12-16,-0.85 
2010-12-17,-0.22 
2010-12-20,-1.60 
2010-12-21,2.49 
2010-12-22,-1.33 
2010-12-23,-0.21 
2010-12-24,-0.22 
2010-12-27,-1.77 
2010-12-28,-1.38 
2010-12-29,0.15 
2010-12-30,-0.35 
2010-12-31,1.58 
2011-01-04,1.91 
2011-01-05,-0.79 
2011-01-06,-0.75 
2011-01-07,1.11 
2011-01-10,-1.53 
2011-01-11,1.22 
2011-01-12,0.87 
2011-01-13,-0.15 
2011-01-14,-1.57 
2011-01-17,-3.24 
2011-01-18,0.27 
2011-01-19,1.54 
2011-01-20,-2.99 
2011-01-21,1.63 
2011-01-24,-0.73 
2011-01-25,-0.02 
2011-01-26,0.77 
2011-01-27,1.21 
2011-01-28,-0.22 
2011-01-31,0.97 
2011-02-01,0.23 
2011-02-09,-1.30 
2011-02-10,1.70 
2011-02-11,0.02 
2011-02-14,3.60 
2011-02-15,-0.25 
2011-02-16,0.43 
2011-02-17,-0.22 
2011-02-18,-0.81 
2011-02-21,0.78 
2011-02-22,-2.69 
2011-02-23,0.23 
2011-02-24,0.36 
2011-02-25,0.19 
2011-02-28,0.76 
2011-03-01,0.67 
2011-03-02,0.27 
2011-03-03,0.53 
2011-03-04,1.39 
2011-03-07,2.07 
2011-03-08,0.02 
2011-03-09,-0.17 
2011-03-10,-2.29 
2011-03-11,-1.09 
2011-03-14,0.22 
2011-03-15,-1.71 
2011-03-16,1.51 
2011-03-17,-1.26 
2011-03-18,0.57 
2011-03-21,0.09 
2011-03-22,0.91 
2011-03-23,0.98 
2011-03-24,-0.51 
2011-03-25,1.56 
2011-03-28,0.32 
2011-03-29,-0.26 
2011-03-30,0.18 
2011-03-31,-0.84 
2011-04-01,2.05 
2011-04-06,2.32 
2011-04-07,-0.06 
2011-04-08,0.50 
2011-04-11,-0.43 
2011-04-12,-0.47 
2011-04-13,1.54 
2011-04-14,-0.41 
2011-04-15,0.50 
2011-04-18,0.01 
2011-04-19,-2.24 
2011-04-20,-0.36 
2011-04-21,0.77 
2011-04-22,-0.42 
2011-04-25,-1.13 
2011-04-26,-0.43 
2011-04-27,-0.25 
2011-04-28,-0.07 
2011-04-29,0.11 
2011-05-03,0.03 
2011-05-04,-2.73 
2011-05-05,-0.32 
2011-05-06,-0.60 
2011-05-09,-0.05 
2011-05-10,1.03 
2011-05-11,-0.45 
2011-05-12,-1.32 
2011-05-13,1.09 
2011-05-16,-1.16 
2011-05-17,0.71 
2011-05-18,0.98 
2011-05-19,-0.37 
2011-05-20,0.31 
2011-05-23,-2.90 
2011-05-24,0.11 
2011-05-25,-1.21 
2011-05-26,0.16 
2011-05-27,0.12 
2011-05-30,0.20 
2011-05-31,1.51 
2011-06-01,-0.39 
2011-06-02,-1.98 
2011-06-03,0.61 
2011-06-07,0.48 
2011-06-08,-0.19 
2011-06-09,-1.66 
2011-06-10,0.16 
2011-06-13,-0.27 
2011-06-14,1.25 
2011-06-15,-0.91 
2011-06-16,-1.28 
2011-06-17,-0.76 
2011-06-20,-0.40 
2011-06-21,1.00 
2011-06-22,-0.01 
2011-06-23,1.42 
2011-06-24,2.38 
2011-06-27,-0.14 
2011-06-28,-0.04 
2011-06-29,-1.65 
2011-06-30,1.46 
2011-07-01,-0.17 
2011-07-04,2.41 
2011-07-05,-0.21 
2011-07-06,-0.61 
2011-07-07,-0.55 
2011-07-08,0.43 
2011-07-11,-0.20 
2011-07-12,-2.12 
2011-07-13,1.54 
2011-07-14,0.37 
2011-07-15,0.31 
2011-07-18,-0.46 
2011-07-19,-0.73 
2011-07-20,-0.23 
2011-07-21,-1.13 
2011-07-22,0.18 
2011-07-25,-2.80 
2011-07-26,0.23 
2011-07-27,0.24 
2011-07-28,-0.97 
2011-07-29,0.42 
2011-08-01,0.09 
2011-08-02,-0.82 
2011-08-03,-0.07 
2011-08-04,0.13 
2011-08-05,-2.39 
2011-08-08,-3.01 
2011-08-09,0.41 
2011-08-10,0.71 
2011-08-11,1.41 
2011-08-12,-0.12 
2011-08-15,1.86 
2011-08-16,-0.51 
2011-08-17,-0.25 
2011-08-18,-1.80 
2011-08-19,-1.02 
2011-08-22,-0.89 
2011-08-23,1.73 
2011-08-24,-0.79 
2011-08-25,3.97 
2011-08-26,-0.11 
2011-08-29,-2.10 
2011-08-30,-0.10 
2011-08-31,0.35 
2011-09-01,-0.06 
2011-09-02,-1.07 
2011-09-05,-1.88 
2011-09-06,-0.39 
2011-09-07,1.93 
2011-09-08,-0.78 
2011-09-09,0.06 
2011-09-13,-0.99 
2011-09-14,0.22 
2011-09-15,-0.42 
2011-09-16,0.29 
2011-09-19,-1.97 
2011-09-20,0.45 
2011-09-21,2.89 
2011-09-22,-3.19 
2011-09-23,-0.59 
2011-09-26,-2.90 
2011-09-27,1.25 
2011-09-28,-0.89 
2011-09-29,-0.37 
2011-09-30,-0.30 
2011-10-10,-0.90 
2011-10-11,0.36 
2011-10-12,3.70 
2011-10-13,0.55 
2011-10-14,-0.10 
2011-10-17,0.68 
2011-10-18,-2.72 
2011-10-19,-0.02 
2011-10-20,-2.04 
2011-10-21,0.12 
2011-10-24,3.16 
2011-10-25,1.31 
2011-10-26,0.80 
2011-10-27,0.50 
2011-10-28,1.83 
2011-10-31,-0.83 
2011-11-01,0.19 
2011-11-02,1.67 
2011-11-03,-0.35 
2011-11-04,0.70 
2011-11-07,-1.20 
2011-11-08,-0.07 
2011-11-09,0.73 
2011-11-10,-2.19 
2011-11-11,-0.13 
2011-11-14,2.05 
2011-11-15,-0.43 
2011-11-16,-2.92 
2011-11-17,-0.40 
2011-11-18,-1.58 
2011-11-21,0.04 
2011-11-22,0.05 
2011-11-23,-1.23 
2011-11-24,0.21 
2011-11-25,-0.76 
2011-11-28,0.12 
2011-11-29,1.32 
2011-11-30,-3.11 
2011-12-01,3.03 
2011-12-02,-0.50 
2011-12-05,-0.58 
2011-12-06,-0.32 
2011-12-07,0.80 
2011-12-08,-0.05 
2011-12-09,-0.57 
2011-12-12,-0.79 
2011-12-13,-1.96 
2011-12-14,-0.54 
2011-12-15,-2.32 
2011-12-16,1.88 
2011-12-19,-0.23 
2011-12-20,-0.05 
2011-12-21,-1.24 
2011-12-22,0.25 
2011-12-23,0.60 
2011-12-26,-1.02 
2011-12-27,-0.65 
2011-12-28,0.24 
2011-12-29,0.11 
2011-12-30,1.32 
2012-01-04,-1.39 
2012-01-05,0.09 
2012-01-06,0.74 
2012-01-09,3.15 
2012-01-10,2.75 
2012-01-11,-0.61 
2012-01-12,0.42 
2012-01-13,-0.91 
2012-01-16,-1.42 
2012-01-17,4.49 
2012-01-18,-1.26 
2012-01-19,2.09 
2012-01-20,1.40 
2012-01-30,-1.82 
2012-01-31,0.11 
2012-02-01,-1.78 
2012-02-02,2.82 
2012-02-03,0.58 
2012-02-06,-0.42 
2012-02-07,-1.86 
2012-02-08,2.89 
2012-02-09,-0.22 
2012-02-10,0.01 
2012-02-13,-0.55 
2012-02-14,-0.54 
2012-02-15,0.81 
2012-02-16,-0.64 
2012-02-17,0.21 
2012-02-20,0.21 
2012-02-21,0.60 
2012-02-22,0.86 
2012-02-23,0.24 
2012-02-24,1.50 
2012-02-27,0.09 
2012-02-28,0.58 
2012-02-29,-0.89 
2012-03-01,-0.25 
2012-03-02,1.41 
2012-03-05,-0.86 
2012-03-06,-1.84 
2012-03-07,-1.00 
2012-03-08,1.22 
2012-03-09,0.74 
2012-03-12,-0.80 
2012-03-13,0.91 
2012-03-14,-2.03 
2012-03-15,-0.90 
2012-03-16,1.11 
2012-03-19,-0.06 
2012-03-20,-1.31 
2012-03-21,0.17 
2012-03-22,0.10 
2012-03-23,-0.71 
2012-03-26,0.11 
2012-03-27,-0.04 
2012-03-28,-2.31 
2012-03-29,-1.22 
2012-03-30,1.04 
2012-04-05,1.74 
2012-04-06,0.13 
2012-04-09,-0.93 
2012-04-10,0.86 
2012-04-11,-0.09 
2012-04-12,2.10 
2012-04-13,0.35 
2012-04-16,-0.36 
2012-04-17,-1.20 
2012-04-18,2.30 
2012-04-19,0.10 
2012-04-20,1.37 
2012-04-23,-0.88 
2012-04-24,0.50 
2012-04-25,0.57 
2012-04-26,0.16 
2012-04-27,0.02 
2012-05-02,2.21 
2012-05-03,0.08 
2012-05-04,0.66 
2012-05-07,-0.53 
2012-05-08,-0.23 
2012-05-09,-1.73 
2012-05-10,-0.03 
2012-05-11,-0.76 
2012-05-14,-0.84 
2012-05-15,0.03 
2012-05-16,-1.49 
2012-05-17,1.51 
2012-05-18,-1.42 
2012-05-21,0.53 
2012-05-22,1.43 
2012-05-23,-0.49 
2012-05-24,-0.67 
2012-05-25,-0.73 
2012-05-28,1.38 
2012-05-29,1.31 
2012-05-30,-0.33 
2012-05-31,-0.76 
2012-06-01,0.22 
2012-06-04,-2.63 
2012-06-05,0.16 
2012-06-06,0.28 
2012-06-07,-0.61 
2012-06-08,-1.09 
2012-06-11,1.00 
2012-06-12,-0.60 
2012-06-13,1.49 
2012-06-14,-0.85 
2012-06-15,0.75 
2012-06-18,0.38 
2012-06-19,-0.64 
2012-06-20,-0.07 
2012-06-21,-1.60 
2012-06-25,-1.77 
2012-06-26,-0.24 
2012-06-27,-0.32 
2012-06-28,-0.81 
2012-06-29,1.63 
2012-07-02,-0.16 
2012-07-03,0.25 
2012-07-04,0.15 
2012-07-05,-1.03 
2012-07-06,0.96 
2012-07-09,-2.54 
2012-07-10,-0.22 
2012-07-11,0.47 
2012-07-12,0.47 
2012-07-13,0.30 
2012-07-16,-1.63 
2012-07-17,0.73 
2012-07-18,-0.23 
2012-07-19,0.50 
2012-07-20,-0.95 
2012-07-23,-1.76 
2012-07-24,0.24 
2012-07-25,-0.31 
2012-07-26,-0.21 
2012-07-27,0.36 
2012-07-30,-0.29 
2012-07-31,0.38 
2012-08-01,0.84 
2012-08-02,-0.67 
2012-08-03,0.43 
2012-08-06,1.02 
2012-08-07,-0.03 
2012-08-08,0.29 
2012-08-09,0.55 
2012-08-10,-0.41 
2012-08-13,-1.99 
2012-08-14,0.07 
2012-08-15,-1.39 
2012-08-16,-0.32 
2012-08-17,0.05 
2012-08-20,-0.61 
2012-08-21,0.14 
2012-08-22,-0.45 
2012-08-23,0.33 
2012-08-24,-0.53 
2012-08-27,-1.95 
2012-08-28,0.85 
2012-08-29,-1.02 
2012-08-30,0.38 
2012-08-31,-0.58 
2012-09-03,0.57 
2012-09-04,-0.77 
2012-09-05,-0.68 
2012-09-06,0.87 
2012-09-07,4.40 
2012-09-10,0.05 
2012-09-11,-0.92 
2012-09-12,0.18 
2012-09-13,-0.67 
2012-09-14,1.10 
2012-09-17,-2.02 
2012-09-18,-1.08 
2012-09-19,0.26 
2012-09-20,-1.79 
2012-09-21,0.32 
2012-09-24,0.52 
2012-09-25,-0.02 
2012-09-26,-0.81 
2012-09-27,3.04 
2012-09-28,1.58 
2012-10-08,-1.05 
2012-10-09,1.97 
2012-10-10,-0.14 
2012-10-11,-0.59 
2012-10-12,0.18 
2012-10-15,-0.35 
2012-10-16,0.07 
2012-10-17,0.22 
2012-10-18,1.36 
2012-10-19,-0.12 
2012-10-22,0.34 
2012-10-23,-1.07 
2012-10-24,-0.13 
2012-10-25,-0.66 
2012-10-26,-1.75 
2012-10-29,-0.83 
2012-10-30,0.31 
2012-10-31,0.68 
2012-11-01,1.93 
2012-11-02,0.55 
2012-11-05,-0.12 
2012-11-06,-0.31 
2012-11-07,-0.12 
2012-11-08,-1.62 
2012-11-09,0.01 
2012-11-12,0.57 
2012-11-13,-1.60 
2012-11-14,0.42 
2012-11-15,-1.15 
2012-11-16,-0.78 
2012-11-19,-0.04 
2012-11-20,-0.67 
2012-11-21,1.46 
2012-11-22,-0.53 
2012-11-23,0.90 
2012-11-26,-0.35 
2012-11-27,-0.66 
2012-11-28,-0.70 
2012-11-29,-0.59 
2012-11-30,0.97 
2012-12-03,-1.01 
2012-12-04,0.90 
2012-12-05,3.61 
2012-12-06,-0.08 
2012-12-07,2.16 
2012-12-10,1.12 
2012-12-11,-0.50 
2012-12-12,0.74 
2012-12-13,-1.30 
2012-12-14,5.65 
2012-12-17,0.62 
2012-12-18,0.35 
2012-12-19,-0.05 
2012-12-20,0.45 
2012-12-21,-0.80 
2012-12-24,0.49 
2012-12-25,3.00 
2012-12-26,0.09 
2012-12-27,-0.77 
2012-12-28,1.74 
2012-12-31,2.19 
2013-01-04,0.69 
2013-01-07,0.52 
2013-01-08,-1.20 
2013-01-09,-0.13 
2013-01-10,0.01 
2013-01-11,-1.97 
2013-01-14,4.07 
2013-01-15,0.37 
2013-01-16,-1.21 
2013-01-17,-1.18 
2013-01-18,1.72 
2013-01-21,0.62 
2013-01-22,0.00 
2013-01-23,0.61 
2013-01-24,-0.52 
2013-01-25,-0.72 
2013-01-28,3.76 
2013-01-29,1.29 
2013-01-30,0.34 
2013-01-31,0.20 
2013-02-01,3.13 
2013-02-04,0.47 
2013-02-05,0.17 
2013-02-06,0.46 
2013-02-07,-1.44 
2013-02-08,-0.30 
2013-02-18,-1.36 
2013-02-19,-1.66 
2013-02-20,-0.14 
2013-02-21,-4.06 
2013-02-22,-0.76 
2013-02-25,0.39 
2013-02-26,-1.36 
2013-02-27,1.31 
2013-02-28,3.55 
2013-03-01,-0.62 
2013-03-04,-5.29 
2013-03-05,4.08 
2013-03-06,0.89 
2013-03-07,-1.62 
2013-03-08,-0.05 
2013-03-11,-1.14 
2013-03-12,-1.34 
2013-03-13,-1.02 
2013-03-14,0.15 
2013-03-15,0.16 
2013-03-18,-1.63 
2013-03-19,1.09 
2013-03-20,4.09 
2013-03-21,-0.18 
2013-03-22,0.11 
2013-03-25,-0.13 
2013-03-26,-2.14 
2013-03-27,0.39 
2013-03-28,-4.11 
2013-03-29,0.09 
2013-04-01,-0.51 
2013-04-02,-0.05 
2013-04-03,0.36 
2013-04-08,-0.93 
2013-04-09,0.88 
2013-04-10,-0.04 
2013-04-11,-0.21 
2013-04-12,-0.54 
2013-04-15,-0.83 
2013-04-16,0.73 
2013-04-17,-0.62 
2013-04-18,0.37 
2013-04-19,3.38 
2013-04-22,-0.22 
2013-04-23,-3.47 
2013-04-24,1.89 
2013-04-25,-0.87 
2013-04-26,-0.69 
2013-05-02,-0.17 
2013-05-03,1.84 
2013-05-06,1.18 
2013-05-07,0.07 
2013-05-08,0.35 
2013-05-09,-0.91 
2013-05-10,0.62 
2013-05-13,-0.46 
2013-05-14,-1.39 
2013-05-15,0.22 
2013-05-16,1.79 
2013-05-17,1.23 
2013-05-20,0.95 
2013-05-21,-0.55 
2013-05-22,0.38 
2013-05-23,-1.85 
2013-05-24,0.30 
2013-05-27,-0.10 
2013-05-28,2.34 
2013-05-29,-0.45 
2013-05-30,-0.34 
2013-05-31,-0.76 
2013-06-03,-0.15 
2013-06-04,-1.04 
2013-06-05,-0.70 
2013-06-06,-1.22 
2013-06-07,-1.37 
2013-06-13,-3.38 
2013-06-14,0.20 
2013-06-17,-0.68 
2013-06-18,0.69 
2013-06-19,-0.97 
2013-06-20,-3.32 
2013-06-21,0.10 
2013-06-24,-6.61 
2013-06-25,0.11 
2013-06-26,-1.12 
2013-06-27,0.17 
2013-06-28,2.66 
2013-07-01,-0.19 
2013-07-02,-0.52 
2013-07-03,-1.20 
2013-07-04,0.81 
2013-07-05,0.44 
2013-07-08,-2.29 
2013-07-09,-0.09 
2013-07-10,2.75 
2013-07-11,5.75 
2013-07-12,-2.94 
2013-07-15,1.08 
2013-07-16,0.10 
2013-07-17,-1.51 
2013-07-18,-2.07 
2013-07-19,-2.45 
2013-07-22,0.18 
2013-07-23,2.76 
2013-07-24,-1.51 
2013-07-25,-0.20 
2013-07-26,-0.50 
2013-07-29,-2.46 
2013-07-30,1.13 
2013-07-31,0.22 
2013-08-01,2.24 
2013-08-02,-0.08 
2013-08-05,1.15 
2013-08-06,0.14 
2013-08-07,-0.33 
2013-08-08,-0.42 
2013-08-09,0.55 
2013-08-12,3.68 
2013-08-13,0.59 
2013-08-14,-0.59 
2013-08-15,-0.94 
2013-08-16,-0.15 
2013-08-19,1.01 
2013-08-20,-0.89 
2013-08-21,-0.41 
2013-08-22,-0.34 
2013-08-23,-1.03 
2013-08-26,2.24 
2013-08-27,0.04 
2013-08-28,-0.57 
2013-08-29,-0.30 
2013-08-30,0.10 
2013-09-02,0.14 
2013-09-03,1.42 
2013-09-04,-0.06 
2013-09-05,-0.24 
2013-09-06,1.01 
2013-09-09,5.38 
2013-09-10,1.41 
2013-09-11,0.22 
2013-09-12,1.80 
2013-09-13,-1.32 
2013-09-16,-0.63 
2013-09-17,-2.28 
2013-09-18,0.12 
2013-09-23,0.73 
2013-09-24,-2.31 
2013-09-25,-0.71 
2013-09-26,-1.74 
2013-09-27,0.40 
2013-09-30,0.24 
2013-10-08,1.01 
2013-10-09,0.53 
2013-10-10,-1.83 
2013-10-11,1.91 
2013-10-14,-0.43 
2013-10-15,-0.36 
2013-10-16,-1.33 
2013-10-17,-0.43 
2013-10-18,0.59 
2013-10-21,1.27 
2013-10-22,-1.06 
2013-10-23,-0.10 
2013-10-24,-1.03 
2013-10-25,-0.62 
2013-10-28,-0.05 
2013-10-29,1.43 
2013-10-30,1.21 
2013-10-31,-1.35 
2013-11-01,0.84 
2013-11-04,-0.38 
2013-11-05,-0.30 
2013-11-06,-1.19 
2013-11-07,-0.22 
2013-11-08,-1.44 
2013-11-11,0.23 
2013-11-12,1.23 
2013-11-13,-2.58 
2013-11-14,0.22 
2013-11-15,2.04 
2013-11-18,4.38 
2013-11-19,-0.93 
2013-11-20,0.25 
2013-11-21,-0.94 
2013-11-22,-0.34 
2013-11-25,-0.53 
2013-11-26,-0.17 
2013-11-27,1.09 
2013-11-28,0.96 
2013-11-29,-0.19 
2013-12-02,1.05 
2013-12-03,0.16 
2013-12-04,1.05 
2013-12-05,-0.40 
2013-12-06,-1.01 
2013-12-09,-0.32 
2013-12-10,0.04 
2013-12-11,-1.88 
2013-12-12,-0.44 
2013-12-13,-0.34 
2013-12-16,-1.47 
2013-12-17,-0.32 
2013-12-18,0.09 
2013-12-19,-1.16 
2013-12-20,-2.70 
2013-12-23,0.25 
2013-12-24,-0.11 
2013-12-25,0.50 
2013-12-26,-1.45 
2013-12-27,1.66 
2013-12-30,-0.15 
2013-12-31,1.74 
2014-01-02,-0.87 
2014-01-03,-1.60 
2014-01-06,-1.51 
2014-01-07,-0.15 
2014-01-08,0.31 
2014-01-09,-0.76 
2014-01-10,-0.37 
2014-01-13,-0.24 
2014-01-14,0.31 
2014-01-15,-0.72 
2014-01-16,0.31 
2014-01-17,-1.17 
2014-01-20,-0.73 
2014-01-21,0.96 
2014-01-22,2.38 
2014-01-23,-1.00 
2014-01-24,0.20 
2014-01-27,-1.54 
2014-01-28,0.60 
2014-01-29,0.45 
2014-01-30,-1.15 
2014-02-07,-0.14 
2014-02-10,2.07 
2014-02-11,1.49 
2014-02-12,-0.09 
2014-02-13,0.07 
2014-02-14,0.41 
2014-02-17,0.25 
2014-02-18,-1.92 
2014-02-19,1.65 
2014-02-20,-0.86 
2014-02-21,-0.97 
2014-02-24,-2.48 
2014-02-25,-1.85 
2014-02-26,0.23 
2014-02-27,0.57 
2014-02-28,0.82 
2014-03-03,-0.11 
2014-03-04,0.11 
2014-03-05,-1.09 
2014-03-06,0.77 
2014-03-07,-0.27 
2014-03-10,-3.21 
2014-03-11,0.27 
2014-03-12,0.42 
2014-03-13,1.32 
2014-03-14,-0.77 
2014-03-17,0.54 
2014-03-18,-0.46 
2014-03-19,-0.63 
2014-03-20,-0.83 
2014-03-21,4.06 
2014-03-24,0.92 
2014-03-25,-0.50 
2014-03-26,-0.21 
2014-03-27,-0.17 
2014-03-28,0.51 
2014-03-31,-0.43 
2014-04-01,0.50 
2014-04-02,1.23 
2014-04-03,-0.93 
2014-04-04,0.87 
2014-04-08,2.98 
2014-04-09,-0.25 
2014-04-10,2.58 
2014-04-11,-0.32 
2014-04-14,-0.49 
2014-04-15,-2.21 
2014-04-16,0.25 
2014-04-17,-0.43 
2014-04-18,0.05 
2014-04-21,-1.81 
2014-04-22,1.06 
2014-04-23,-0.17 
2014-04-24,0.22 
2014-04-25,-0.61 
2014-04-28,-1.15 
2014-04-29,0.82 
2014-04-30,-0.08 
2014-05-05,-0.49 
2014-05-06,-0.15 
2014-05-07,-0.61 
2014-05-08,0.17 
2014-05-09,0.14 
2014-05-12,1.87 
2014-05-13,-0.32 
2014-05-14,-0.18 
2014-05-15,-0.80 
2014-05-16,-0.07 
2014-05-19,-1.92 
2014-05-20,0.11 
2014-05-21,0.91 
2014-05-22,-0.18 
2014-05-23,0.87 
2014-05-26,0.11 
2014-05-27,-0.43 
2014-05-28,0.81 
2014-05-29,-0.50 
2014-05-30,-0.15 
2014-06-03,-0.31 
2014-06-04,-0.75 
2014-06-05,1.22 
2014-06-06,-0.81 
2014-06-09,0.21 
2014-06-10,1.23 
2014-06-11,-0.32 
2014-06-12,-0.33 
2014-06-13,1.29 
2014-06-16,1.05 
2014-06-17,-1.10 
2014-06-18,-0.43 
2014-06-19,-1.16 
2014-06-20,0.44 
2014-06-23,-0.59 
2014-06-24,0.30 
2014-06-25,-0.69 
2014-06-26,0.55 
2014-06-27,-0.29 
2014-06-30,0.59 
2014-07-01,-0.05 
2014-07-02,0.21 
2014-07-03,0.32 
2014-07-04,0.20 
2014-07-07,0.02 
2014-07-08,-0.06 
2014-07-09,-1.13 
2014-07-10,-0.27 
2014-07-11,-0.18 
2014-07-14,0.97 
2014-07-15,0.13 
2014-07-16,-0.10 
2014-07-17,-0.64 
2014-07-18,0.35 
2014-07-21,0.07 
2014-07-22,1.09 
2014-07-23,0.72 
2014-07-24,2.33 
2014-07-25,0.98 
2014-07-28,3.37 
2014-07-29,0.15 
2014-07-30,-0.65 
2014-07-31,1.28 
2014-08-01,-0.86 
2014-08-04,2.28 
2014-08-05,-0.74 
2014-08-06,-0.82 
2014-08-07,-1.58 
2014-08-08,0.14 
2014-08-11,1.48 
2014-08-12,-0.70 
2014-08-13,0.14 
2014-08-14,-0.83 
2014-08-15,0.95 
2014-08-18,0.07 
2014-08-19,-0.25 
2014-08-20,-0.54 
2014-08-21,-0.83 
2014-08-22,0.45 
2014-08-25,-1.05 
2014-08-26,-0.26 
2014-08-27,-0.04 
2014-08-28,-0.57 
2014-08-29,1.11 
2014-09-01,0.30 
2014-09-02,1.35 
2014-09-03,1.03 
2014-09-04,0.82 
2014-09-05,1.16 
2014-09-09,-0.67 
2014-09-10,-0.92 
2014-09-11,-0.44 
2014-09-12,0.46 
2014-09-15,-0.38 
2014-09-16,-1.43 
2014-09-17,0.25 
2014-09-18,0.31 
2014-09-19,0.60 
2014-09-22,-2.20 
2014-09-23,0.74 
2014-09-24,1.89 
2014-09-25,-0.44 
2014-09-26,-0.15 
2014-09-29,0.35 
2014-09-30,-0.13 
2014-10-08,0.86 
2014-10-09,0.03 
2014-10-10,-0.75 
2014-10-13,-0.97 
2014-10-14,-0.35 
2014-10-15,0.78 
2014-10-16,-0.25 
2014-10-17,-0.01 
2014-10-20,0.24 
2014-10-21,-0.72 
2014-10-22,-0.23 
2014-10-23,-0.66 
2014-10-24,-0.20 
2014-10-27,-1.48 
2014-10-28,1.66 
2014-10-29,1.43 
2014-10-30,0.66 
2014-10-31,2.36 
2014-11-03,-0.38 
2014-11-04,-0.33 
2014-11-05,-0.49 
2014-11-06,-0.10 
2014-11-07,0.27 
2014-11-10,2.97 
2014-11-11,1.29 
2014-11-12,1.18 
2014-11-13,-0.27 
2014-11-14,0.14 
2014-11-17,-1.20 
2014-11-18,-1.68 
2014-11-19,-0.46 
2014-11-20,0.30 
2014-11-21,2.27 
2014-11-24,2.53 
2014-11-25,1.11 
2014-11-26,2.41 
2014-11-27,1.79 
2014-11-28,3.32 
2014-12-01,0.31 
2014-12-02,5.27 
2014-12-03,0.79 
2014-12-04,6.04 
2014-12-05,1.83 
2014-12-08,4.48 
2014-12-09,-5.05 
2014-12-10,3.30 
2014-12-11,-2.72 
2014-12-12,-0.01 
2014-12-15,0.38 
2014-12-16,4.44 
2014-12-17,3.68 
2014-12-18,-0.84 
2014-12-19,1.11 
2014-12-22,1.52 
2014-12-23,-2.13 
2014-12-24,-4.38 
2014-12-25,3.91 
2014-12-26,4.46 
2014-12-29,0.68 
2014-12-30,1.69 
2014-12-31,2.30 
2015-01-05,2.64 
2015-01-06,-0.76 
2015-01-07,0.22 
2015-01-08,-2.93 
2015-01-09,0.43 
2015-01-12,-0.98 
2015-01-13,-0.63 
2015-01-14,0.25 
2015-01-15,3.89 
2015-01-16,0.77 
2015-01-19,-9.15 
2015-01-20,-0.27 
2015-01-21,5.77 
2015-01-22,0.08 
2015-01-23,0.79 
2015-01-26,-0.08 
2015-01-27,-1.57 
2015-01-28,-1.42 
2015-01-29,-1.78 
2015-01-30,-1.50 
2015-02-02,-3.03 
2015-02-03,3.14 
2015-02-04,-1.38 
2015-02-05,-0.99 
2015-02-06,-1.01 
2015-02-09,1.79 
2015-02-10,1.55 
2015-02-11,0.48 
2015-02-12,0.05 
2015-02-13,0.46 
2015-02-16,0.15 
2015-02-17,0.58 
2015-02-25,-1.55 
2015-02-26,2.93 
2015-02-27,-0.14 
2015-03-02,0.19 
2015-03-03,-3.32 
2015-03-04,0.05 
2015-03-05,-1.30 
2015-03-06,0.20 
2015-03-09,2.46 
2015-03-10,-1.42 
2015-03-11,0.55 
2015-03-12,3.18 
2015-03-13,0.41 
2015-03-16,2.23 
2015-03-17,1.27 
2015-03-18,2.57 
2015-03-19,-0.73 
2015-03-20,1.92 
2015-03-23,1.49 
2015-03-24,-1.36 
2015-03-25,-1.29 
2015-03-26,1.46 
2015-03-27,0.05 
2015-03-30,3.54 
2015-03-31,-1.07 
2015-04-01,1.63 
2015-04-02,-0.64 
2015-04-03,1.28 
2015-04-07,2.57 
2015-04-08,2.17 
2015-04-09,-0.69 
2015-04-10,1.87 
2015-04-13,1.83 
2015-04-14,0.37 
2015-04-15,0.03 
2015-04-16,4.26 
2015-04-17,1.63 
2015-04-20,-2.19 
2015-04-21,1.58 
2015-04-22,2.64 
2015-04-23,-0.78 
2015-04-24,-1.51 
2015-04-27,2.62 
2015-04-28,-0.79 
2015-04-29,0.03 
2015-04-30,-1.00 
2015-05-04,0.66 
2015-05-05,-3.77 
2015-05-06,-0.31 
2015-05-07,-1.41 
2015-05-08,0.50 
2015-05-11,1.89 
2015-05-12,0.61 
2015-05-13,-1.47 
2015-05-14,-0.41 
2015-05-15,-2.18 
2015-05-18,-2.03 
2015-05-19,3.93 
2015-05-20,0.22 
2015-05-21,0.90 
2015-05-22,3.11 
2015-05-25,3.11 
2015-05-26,1.09 
2015-05-27,-1.24 
2015-05-28,-6.58 
2015-05-29,-0.43 
2015-06-01,4.27 
2015-06-02,0.43 
2015-06-03,-0.61 
2015-06-04,1.87 
2015-06-05,0.15 
2015-06-08,4.68 
2015-06-09,-1.29 
2015-06-10,-1.28 
2015-06-11,-0.69 
2015-06-12,0.09 
2015-06-15,-2.62 
2015-06-16,-2.54 
2015-06-17,1.01 
2015-06-18,-4.46 
2015-06-19,-5.39 
2015-06-23,3.45 
2015-06-24,1.40 
2015-06-25,-3.33 
2015-06-26,-7.04 
2015-06-29,-2.13 
2015-06-30,7.16 
2015-07-01,-4.64 
2015-07-02,-0.83 
2015-07-03,-4.86 
2015-07-06,6.50 
2015-07-07,2.27 
2015-07-08,-7.23 
2015-07-09,6.60 
2015-07-10,4.22 
2015-07-13,-1.01 
2015-07-14,-3.69 
2015-07-15,-0.19 
2015-07-16,-0.55 
2015-07-17,2.34 
2015-07-20,-0.83 
2015-07-21,-0.39 
2015-07-22,-1.19 
2015-07-23,1.86 
2015-07-24,-1.78 
2015-07-27,-9.04 
2015-07-28,-0.31 
2015-07-29,1.84 
2015-07-30,-2.53 
2015-07-31,-0.25 
2015-08-03,0.75 
2015-08-04,2.22 
2015-08-05,-1.88 
2015-08-06,-0.79 
2015-08-07,1.47 
2015-08-10,4.55 
2015-08-11,-1.03 
2015-08-12,-1.14 
2015-08-13,0.77 
2015-08-14,-0.14 
2015-08-17,-1.03 
2015-08-18,-5.59 
2015-08-19,0.93 
2015-08-20,-3.02 
2015-08-21,-3.63 
2015-08-24,-9.38 
2015-08-25,-7.01 
2015-08-26,1.48 
2015-08-27,7.84 
2015-08-28,3.11 
2015-08-31,2.34 
2015-09-01,0.90 
2015-09-02,0.60 
2015-09-07,-4.89 
2015-09-08,2.16 
2015-09-09,1.43 
2015-09-10,-0.12 
2015-09-11,-0.59 
2015-09-14,1.49 
2015-09-15,-2.38 
2015-09-16,3.07 
2015-09-17,-2.10 
2015-09-18,0.19 
2015-09-21,0.70 
2015-09-22,1.03 
2015-09-23,-2.63 
2015-09-24,0.44 
2015-09-25,-0.21 
2015-09-28,-0.62 
2015-09-29,-1.97 
2015-09-30,0.89 
2015-10-08,2.11 
2015-10-09,1.28 
2015-10-12,2.89 
2015-10-13,-0.55 
2015-10-14,-0.75 
2015-10-15,1.95 
2015-10-16,1.13 
2015-10-19,-0.23 
2015-10-20,0.80 
2015-10-21,0.14 
2015-10-22,-0.37 
2015-10-23,0.52 
2015-10-26,0.26 
2015-10-27,0.00 
2015-10-28,-1.67 
2015-10-29,-0.15 
2015-10-30,0.24 
2015-11-02,-1.42 
2015-11-03,-0.37 
2015-11-04,4.35 
2015-11-05,2.96 
2015-11-06,2.16 
2015-11-09,1.63 
2015-11-10,-0.45 
2015-11-11,-0.67 
2015-11-12,-1.17 
2015-11-13,-1.16 
2015-11-16,-0.02 
2015-11-17,0.24 
2015-11-18,-0.56 
2015-11-19,1.19 
2015-11-20,-0.07 
2015-11-23,-0.40 
2015-11-24,-0.36 
2015-11-25,0.48 
2015-11-26,-0.35 
2015-11-27,-4.75 
2015-11-30,0.08 
2015-12-01,0.37 
2015-12-02,4.84 
2015-12-03,0.12 
2015-12-04,-2.60 
2015-12-07,-0.08 
2015-12-08,-1.30 
2015-12-09,0.23 
2015-12-10,-0.53 
2015-12-11,-0.63 
2015-12-14,3.09 
2015-12-15,-1.29 
2015-12-16,-0.31 
2015-12-17,1.34 
2015-12-18,0.60 
2015-12-21,3.19 
2015-12-22,-0.16 
2015-12-23,0.28 
2015-12-24,-0.85 
2015-12-25,0.43 
2015-12-28,-3.25 
2015-12-29,0.89 
2015-12-30,0.00 
2015-12-31,-0.49 
2016-01-04,-6.21 
2016-01-05,0.78 
2016-01-06,1.29 
2016-01-07,-5.91 
2016-01-08,1.79 
2016-01-11,-4.48 
2016-01-12,0.53 
2016-01-13,-1.21 
2016-01-14,1.26 
2016-01-15,-2.87 
2016-01-18,-0.08 
2016-01-19,2.87 
2016-01-20,-1.87 
2016-01-21,-2.29 
2016-01-22,1.03 
2016-01-25,0.17 
2016-01-26,-5.51 
2016-01-27,0.09 
2016-01-28,-2.09 
2016-01-29,3.15 
2016-02-01,-1.82 
2016-02-02,1.68 
2016-02-03,-0.88 
2016-02-04,1.12 
2016-02-05,-0.35 
2016-02-15,-0.97 
2016-02-16,2.70 
2016-02-17,0.68 
2016-02-18,-0.26 
2016-02-19,-0.26 
2016-02-22,2.48 
2016-02-23,-1.19 
2016-02-24,0.58 
2016-02-25,-5.33 
2016-02-26,1.18 
2016-02-29,-0.55 
2016-03-01,1.47 
2016-03-02,3.56 
2016-03-03,0.48 
2016-03-04,3.36 
2016-03-07,-0.69 
2016-03-08,0.36 
2016-03-09,-0.15 
2016-03-10,-2.39 
2016-03-11,0.45 
2016-03-14,0.37 
2016-03-15,1.09 
2016-03-16,1.67 
2016-03-17,-0.22 
2016-03-18,0.45 
2016-03-21,2.44 
2016-03-22,-0.92 
2016-03-23,0.09 
2016-03-24,-1.73 
2016-03-25,0.54 
2016-03-28,-1.22 
2016-03-29,-0.76 
2016-03-30,2.40 
2016-03-31,-0.05 
2016-04-01,0.52 
2016-04-05,0.58 
2016-04-06,-0.56 
2016-04-07,-1.32 
2016-04-08,-0.73 
2016-04-11,1.16 
2016-04-12,-0.21 
2016-04-13,1.28 
2016-04-14,0.35 
2016-04-15,0.15 
2016-04-18,-1.09 
2016-04-19,0.25 
2016-04-20,-0.40 
2016-04-21,-0.33 
2016-04-22,0.47 
2016-04-25,-0.44 
2016-04-26,0.35 
2016-04-27,-0.48 
2016-04-28,-0.15 
2016-04-29,-0.31 
2016-05-03,1.07 
2016-05-04,-0.25 
2016-05-05,0.00 
2016-05-06,-2.13 
2016-05-09,-1.64 
2016-05-10,0.00 
2016-05-11,0.29 
2016-05-12,0.31 
2016-05-13,-0.41 
2016-05-16,0.31 
2016-05-17,-0.34 
2016-05-18,0.16 
2016-05-19,-0.24 
2016-05-20,0.45 
2016-05-23,-0.03 
2016-05-24,-0.76 
2016-05-25,0.25 
2016-05-26,0.20 
2016-05-27,-0.06 
2016-05-30,0.83 
2016-05-31,3.03 
2016-06-01,-0.77 
2016-06-02,-0.06 
2016-06-03,0.70 
2016-06-06,-0.76 
2016-06-07,0.13 
2016-06-08,-0.29 
2016-06-13,-2.28 
2016-06-14,0.51 
2016-06-15,0.55 
2016-06-16,-0.56 
2016-06-17,0.35 
2016-06-20,0.10 
2016-06-21,0.02 
2016-06-22,0.53 
2016-06-23,-0.48 
2016-06-24,-1.39 
2016-06-27,0.94 
2016-06-28,0.29 
2016-06-29,1.00 
2016-06-30,-0.02 
2016-07-01,0.21 
2016-07-04,1.70 
2016-07-05,0.26 
2016-07-06,-0.08 
2016-07-07,-0.01 
2016-07-08,-0.84 
2016-07-11,0.32 
2016-07-12,2.07 
2016-07-13,-0.12 
2016-07-14,-0.12 
2016-07-15,-0.13 
2016-07-18,-0.20 
2016-07-19,-0.58 
2016-07-20,-0.38 
2016-07-21,0.49 
2016-07-22,-0.94 
2016-07-25,0.11 
2016-07-26,1.06 
2016-07-27,-0.39 
2016-07-28,-0.47 
2016-07-29,-0.40 
2016-08-01,-0.36 
2016-08-02,0.04 
2016-08-03,-0.12 
2016-08-04,-0.09 
2016-08-05,0.23 
2016-08-08,0.51 
2016-08-09,0.73 
2016-08-10,-0.24 
2016-08-11,0.32 
2016-08-12,2.09 
2016-08-15,2.93 
2016-08-16,-1.31 
2016-08-17,-0.18 
2016-08-18,-0.40 
2016-08-19,0.21 
2016-08-22,-0.54 
2016-08-23,0.22 
2016-08-24,-0.43 
2016-08-25,-0.45 
2016-08-26,-0.13 
2016-08-29,-0.23 
2016-08-30,0.44 
2016-08-31,0.39 
2016-09-01,-0.55 
2016-09-02,0.43 
2016-09-05,-0.05 
2016-09-06,0.17 
2016-09-07,0.18 
2016-09-08,0.00 
2016-09-09,-0.33 
2016-09-12,-1.32 
2016-09-13,-0.31 
2016-09-14,-0.76 
2016-09-19,0.59 
2016-09-20,-0.24 
2016-09-21,0.13 
2016-09-22,0.62 
2016-09-23,-0.20 
2016-09-26,-1.32 
2016-09-27,0.42 
2016-09-28,-0.45 
2016-09-29,0.40 
2016-09-30,0.09 
2016-10-10,1.17 
2016-10-11,0.29 
2016-10-12,-0.37 
2016-10-13,0.05 
2016-10-14,0.35 
2016-10-17,-0.77 
2016-10-18,1.36 
2016-10-19,-0.06 
2016-10-20,0.09 
2016-10-21,0.78 
2016-10-24,1.35 
2016-10-25,-0.21 
2016-10-26,-0.40 
2016-10-27,-0.30 
2016-10-28,0.16 
2016-10-31,-0.15 
2016-11-01,0.58 
2016-11-02,-0.83 
2016-11-03,1.29 
2016-11-04,-0.08 
2016-11-07,0.22 
2016-11-08,0.24 
2016-11-09,-0.81 
2016-11-10,1.13 
2016-11-11,0.83 
2016-11-14,0.40 
2016-11-15,-0.30 
2016-11-16,-0.04 
2016-11-17,0.29 
2016-11-18,-0.41 
2016-11-21,1.19 
2016-11-22,0.78 
2016-11-23,0.31 
2016-11-24,0.36 
2016-11-25,1.06 
2016-11-28,0.38 
2016-11-29,1.60 
2016-11-30,-0.91 
2016-12-01,0.49 
2016-12-02,-0.61 
2016-12-05,-1.71 
2016-12-06,-0.28 
2016-12-07,0.35 
2016-12-08,0.09 
2016-12-09,1.36 
2016-12-12,-1.00 
2016-12-13,-0.60 
2016-12-14,-0.53 
2016-12-15,-2.14 
2016-12-16,-0.32 
2016-12-19,-0.47 
2016-12-20,-0.51 
2016-12-21,0.78 
2016-12-22,-0.23 
2016-12-23,-0.59 
2016-12-26,0.71 
2016-12-27,-0.34 
2016-12-28,-0.43 
2016-12-29,-0.09 
2016-12-30,0.52 
2017-01-03,0.92 
2017-01-04,0.62 
2017-01-05,0.02 
2017-01-06,-0.59 
2017-01-09,0.41 
2017-01-10,-0.25 
2017-01-11,-0.52 
2017-01-12,-0.22 
2017-01-13,0.55 
2017-01-16,1.27 
2017-01-17,-0.33 
2017-01-18,0.57 
2017-01-19,-0.33 
2017-01-20,0.52 
2017-01-23,0.00 
2017-01-24,0.23 
2017-01-25,0.27 
2017-01-26,0.23 
2017-02-03,-1.02 
2017-02-06,0.17 
2017-02-07,-0.27 
2017-02-08,0.38 
2017-02-09,0.36 
2017-02-10,0.56 
2017-02-13,0.47 
2017-02-14,-0.24 
2017-02-15,-0.06 
2017-02-16,0.19 
2017-02-17,-0.59 
2017-02-20,1.33 
2017-02-21,0.12 
2017-02-22,0.05 
2017-02-23,-0.45 
2017-02-24,0.10 
2017-02-27,-0.81 
2017-02-28,0.01 
2017-03-01,0.05 
2017-03-02,-0.72 
2017-03-03,-0.33 
2017-03-06,0.12 
2017-03-07,0.27 
2017-03-08,0.08 
2017-03-09,-0.49 
2017-03-10,-0.31 
2017-03-13,0.67 
2017-03-14,0.00 
2017-03-15,0.10 
2017-03-16,0.50 
2017-03-17,-0.94 
2017-03-20,0.13 
2017-03-21,0.30 
2017-03-22,-0.79 
2017-03-23,0.38 
2017-03-24,0.77 
2017-03-27,-0.05 
2017-03-28,-0.34 
2017-03-29,-0.15 
2017-03-30,-0.26 
2017-03-31,0.56 
2017-04-05,1.04 
2017-04-06,0.26 
2017-04-07,-0.09 
2017-04-10,-0.38 
2017-04-11,0.12 
2017-04-12,-0.14 
2017-04-13,-0.45 
2017-04-14,-0.53 
2017-04-17,0.09 
2017-04-18,-0.86 
2017-04-19,-0.53 
2017-04-20,0.46 
2017-04-21,0.51 
2017-04-24,-0.24 
2017-04-25,0.12 
2017-04-26,-0.01 
2017-04-27,0.30 
2017-04-28,-0.20 
2017-05-02,-0.44 
2017-05-03,-0.30 
2017-05-04,-0.19 
2017-05-05,-0.21 
2017-05-08,0.24 
2017-05-09,-0.42 
2017-05-10,0.37 
2017-05-11,0.62 
2017-05-12,1.55 
2017-05-15,0.27 
2017-05-16,-0.02 
2017-05-17,-0.75 
2017-05-18,-0.37 
2017-05-19,0.29 
2017-05-22,0.84 
2017-05-23,1.27 
2017-05-24,-0.18 
2017-05-25,2.74 
2017-05-26,-0.09 
2017-05-31,0.32 
2017-06-01,0.70 
2017-06-02,-0.84 
2017-06-05,-1.01 
2017-06-06,0.64 
2017-06-07,0.73 
2017-06-08,0.93 
2017-06-09,0.49 
2017-06-12,0.08 
2017-06-13,-0.24 
2017-06-14,-1.50 
2017-06-15,-0.62 
2017-06-16,-0.37 
2017-06-19,1.28 
2017-06-20,-0.39 
2017-06-21,0.92 
2017-06-22,0.78 
2017-06-23,0.49 
2017-06-26,0.56 
2017-06-27,0.45 
2017-06-28,-0.67 
2017-06-29,0.60 
2017-06-30,-0.12 
2017-07-03,-0.61 
2017-07-04,-0.92 
2017-07-05,1.47 
2017-07-06,0.23 
2017-07-07,-0.40 
2017-07-10,0.25 
2017-07-11,0.80 
2017-07-12,-0.21 
2017-07-13,1.40 
2017-07-14,0.85 
2017-07-17,0.32 
2017-07-18,-0.27 
2017-07-19,1.28 
2017-07-20,0.28 
2017-07-21,-0.98 
2017-07-24,0.57 
2017-07-25,-0.43 
2017-07-26,-0.26 
2017-07-27,0.02 
2017-07-28,-0.01 
2017-07-31,0.07 
2017-08-01,1.66 
2017-08-02,-0.04 
2017-08-03,-1.28 
2017-08-04,-0.70 
2017-08-07,0.24 
2017-08-08,0.04 
2017-08-09,-0.56 
2017-08-10,-0.34 
2017-08-11,-1.57 
2017-08-14,0.82 
2017-08-15,0.53 
2017-08-16,-0.39 
2017-08-17,0.35 
2017-08-18,0.35 
2017-08-21,0.14 
2017-08-22,1.02 
2017-08-23,0.62 
2017-08-24,-0.50 
2017-08-25,2.26 
2017-08-28,1.12 
2017-08-29,0.10 
2017-08-30,-0.40 
2017-08-31,-0.50 
2017-09-01,-0.17 
2017-09-04,0.05 
2017-09-05,0.68 
2017-09-06,-0.57 
2017-09-07,-0.83 
2017-09-08,-0.19 
2017-09-11,-0.44 
2017-09-12,0.67 
2017-09-13,-0.18 
2017-09-14,-0.55 
2017-09-15,-0.17 
2017-09-18,0.22 
2017-09-19,-0.13 
2017-09-20,-0.30 
2017-09-21,0.49 
2017-09-22,0.13 
2017-09-25,0.06 
2017-09-26,-0.06 
2017-09-27,-0.65 
2017-09-28,-0.01 
2017-09-29,0.41 
2017-10-09,0.74 
2017-10-10,0.13 
2017-10-11,0.44 
2017-10-12,0.40 
2017-10-13,-0.18 
2017-10-16,0.49 
2017-10-17,-0.11 
2017-10-18,1.08 
2017-10-19,0.11 
2017-10-20,-0.67 
2017-10-23,-0.12 
2017-10-24,0.71 
2017-10-25,-0.05 
2017-10-26,0.69 
2017-10-27,1.56 
2017-10-30,-0.18 
2017-10-31,-0.55 
2017-11-01,-0.15 
2017-11-02,0.17 
2017-11-03,0.23 
2017-11-06,-0.29 
2017-11-07,1.06 
2017-11-08,-0.07 
2017-11-09,0.46 
2017-11-10,1.04 
2017-11-13,0.39 
2017-11-14,-0.42 
2017-11-15,-0.40 
2017-11-16,1.03 
2017-11-17,2.06 
2017-11-20,0.08 
2017-11-21,1.56 
2017-11-22,0.84 
2017-11-23,-2.38 
2017-11-24,-0.13 
2017-11-27,-0.66 
2017-11-28,-0.69 
2017-11-29,-0.13 
2017-11-30,-1.03 
2017-12-01,-0.74 
2017-12-04,0.67 
2017-12-05,1.72 
2017-12-06,-1.19 
2017-12-07,-0.93 
2017-12-08,0.58 
2017-12-11,1.18 
2017-12-12,-1.69 
2017-12-13,0.80 
2017-12-14,-0.80 
2017-12-15,-1.05 
2017-12-18,0.32 
2017-12-19,1.55 
2017-12-20,0.23 
2017-12-21,0.55 
2017-12-22,-0.50 
2017-12-25,-0.02 
2017-12-26,0.49 
2017-12-27,-1.89 
2017-12-28,0.68 
2017-12-29,0.05 
2018-01-02,1.69 
2018-01-03,0.16 
2018-01-04,0.21 
2018-01-05,0.44 
2018-01-08,0.53 
2018-01-09,0.73 
2018-01-10,0.88 
2018-01-11,0.05 
2018-01-12,0.72 
2018-01-15,1.00 
2018-01-16,0.49 
2018-01-17,0.40 
2018-01-18,0.99 
2018-01-19,0.36 
2018-01-22,0.40 
2018-01-23,1.48 
2018-01-24,0.12 
2018-01-25,-0.72 
2018-01-26,0.49 
2018-01-29,-1.64 
2018-01-30,-1.33 
2018-01-31,1.22 
2018-02-01,0.78 
2018-02-02,0.27 
2018-02-05,1.01 
2018-02-06,-2.01 
2018-02-07,-2.82 
2018-02-08,-2.76 
2018-02-09,-4.61 
2018-02-12,-0.17 
2018-02-13,1.69 
2018-02-14,0.67 
2018-02-22,2.09 
2018-02-23,0.86 
2018-02-26,0.56 
2018-02-27,-1.57 
2018-02-28,-1.65 
2018-03-01,0.44 
2018-03-02,-0.94 
2018-03-05,-0.01 
2018-03-06,0.99 
2018-03-07,-0.50 
2018-03-08,0.70 
2018-03-09,0.34 
2018-03-12,0.05 
2018-03-13,-0.90 
2018-03-14,-0.42 
2018-03-15,0.82 
2018-03-16,-0.84 
2018-03-19,0.92 
2018-03-20,0.25 
2018-03-21,-0.35 
2018-03-22,-0.95 
2018-03-23,-2.62 
2018-03-26,-1.88 
2018-03-27,0.32 
2018-03-28,-1.92 
2018-03-29,1.63 
2018-03-30,-0.61 
2018-04-02,-0.40 
2018-04-03,-0.52 
2018-04-04,0.19 
2018-04-09,0.49 
2018-04-10,2.40 
2018-04-11,0.16 
2018-04-12,-1.28 
2018-04-13,-0.85 
2018-04-16,-2.26 
2018-04-17,-1.09 
2018-04-18,0.69 
2018-04-19,1.08 
2018-04-20,-1.31 
2018-04-23,0.66 
2018-04-24,2.17 
2018-04-25,-0.73 
2018-04-26,-1.37 
2018-04-27,-0.47 
2018-05-02,-0.03 
2018-05-03,0.42 
2018-05-04,-0.66 
2018-05-07,1.42 
2018-05-08,1.45 
2018-05-09,-0.21 
2018-05-10,0.45 
2018-05-11,-0.17 
2018-05-14,1.06 
2018-05-15,-0.10 
2018-05-16,-1.24 
2018-05-17,-0.59 
2018-05-18,1.47 
2018-05-21,0.19 
2018-05-22,-0.65 
2018-05-23,-1.62 
2018-05-24,-0.67 
2018-05-25,-0.16 
2018-05-28,0.45 
2018-05-29,-0.37 
2018-05-30,-2.16 
2018-05-31,2.01 
2018-06-01,-0.42 
2018-06-04,1.79 
2018-06-05,0.46 
2018-06-06,-0.55 
2018-06-07,0.11 
2018-06-08,-1.60 
2018-06-11,0.31 
2018-06-12,1.03 
2018-06-13,-0.60 
2018-06-14,-0.01 
2018-06-15,-0.12 
2018-06-19,-2.56 
2018-06-20,-0.06 
2018-06-21,-0.74 
2018-06-22,0.18 
2018-06-25,-1.83 
2018-06-26,-1.17 
2018-06-27,-2.16 
2018-06-28,-1.12 
2018-06-29,2.26 
2018-07-02,-3.77 
2018-07-03,0.11 
2018-07-04,-0.86 
2018-07-05,0.25 
2018-07-06,1.19 
2018-07-09,2.86 
2018-07-10,0.00 
2018-07-11,-1.58 
2018-07-12,1.74 
2018-07-13,0.09 
2018-07-16,-1.13 
2018-07-17,-0.75 
2018-07-18,-0.40 
2018-07-19,0.22 
2018-07-20,2.79 
2018-07-23,1.33 
2018-07-24,1.46 
2018-07-25,0.00 
2018-07-26,-1.28 
2018-07-27,-0.23 
2018-07-30,0.64 
2018-07-31,0.15 
2018-08-01,-2.16 
2018-08-02,-2.01 
2018-08-03,-1.10 
2018-08-06,-0.29 
2018-08-07,3.04 
2018-08-08,-1.32 
2018-08-09,2.35 
2018-08-10,-0.06 
2018-08-13,-0.99 
2018-08-14,-0.38 
2018-08-15,-2.45 
2018-08-16,-0.15 
2018-08-17,-1.29 
2018-08-20,1.47 
2018-08-21,1.80 
2018-08-22,-0.09 
2018-08-23,0.45 
2018-08-24,0.44 
2018-08-27,2.04 
2018-08-28,-0.44 
2018-08-29,-0.31 
2018-08-30,-0.97 
2018-08-31,-0.19 
2018-09-03,-0.35 
2018-09-04,1.40 
2018-09-05,-2.37 
2018-09-06,-1.03 
2018-09-07,0.90 
2018-09-10,-0.99 
2018-09-11,-0.61 
2018-09-12,-0.72 
2018-09-13,1.42 
2018-09-14,0.42 
2018-09-17,-1.05 
2018-09-18,2.45 
2018-09-19,1.15 
2018-09-20,0.01 
2018-09-21,3.46 
2018-09-25,-1.00 
2018-09-26,1.37 
2018-09-27,-0.28 
2018-09-28,1.21 
2018-10-08,-4.60 
2018-10-09,0.19 
2018-10-10,0.10 
2018-10-11,-4.15 
2018-10-12,2.24 
2018-10-15,-1.29 
2018-10-16,0.12 
2018-10-17,0.57 
2018-10-18,-2.48 
2018-10-19,3.26 
2018-10-22,3.84 
2018-10-23,-2.97 
2018-10-24,0.51 
2018-10-25,0.31 
2018-10-26,-0.65 
2018-10-29,-3.21 
2018-10-30,1.09 
2018-10-31,1.47 
2018-11-01,0.37 
2018-11-02,3.36 
2018-11-05,-1.23 
2018-11-06,-0.47 
2018-11-07,-0.69 
2018-11-08,0.15 
2018-11-09,-2.08 
2018-11-12,0.44 
2018-11-13,0.74 
2018-11-14,-1.34 
2018-11-15,1.20 
2018-11-16,0.09 
2018-11-19,1.24 
2018-11-20,-1.82 
2018-11-21,0.18 
2018-11-22,-0.56 
2018-11-23,-1.58 
2018-11-26,0.11 
2018-11-27,-0.32 
2018-11-28,1.12 
2018-11-29,-0.80 
2018-11-30,1.09 
2018-12-03,2.47 
2018-12-04,0.32 
2018-12-05,-0.57 
2018-12-06,-1.91 
2018-12-07,-0.15 
2018-12-10,-0.91 
2018-12-11,0.29 
2018-12-12,0.32 
2018-12-13,1.43 
2018-12-14,-1.40 
2018-12-17,0.11 
2018-12-18,-1.16 
2018-12-19,-1.18 
2018-12-20,-1.46 
2018-12-21,-1.23 
2018-12-24,0.13 
2018-12-25,-0.52 
2018-12-26,-0.69 
2018-12-27,-0.24 
2018-12-28,0.75 
2019-01-02,-1.32 
2019-01-03,0.29 
2019-01-04,2.00 
2019-01-07,-0.01 
2019-01-08,-0.40 
2019-01-09,1.20 
2019-01-10,-0.04 
2019-01-11,0.97 
2019-01-14,-0.99 
2019-01-15,2.03 
2019-01-16,0.12 
2019-01-17,-0.41 
2019-01-18,1.94 
2019-01-21,0.63 
2019-01-22,-1.28 
2019-01-23,-0.17 
2019-01-24,0.61 
2019-01-25,1.25 
2019-01-28,-0.19 
2019-01-29,0.77 
2019-01-30,-0.65 
2019-01-31,1.78 
2019-02-01,0.65 
2019-02-11,1.11 
2019-02-12,0.23 
2019-02-13,1.87 
2019-02-14,-0.17 
2019-02-15,-2.28 
2019-02-18,2.60 
2019-02-19,-0.15 
2019-02-20,0.35 
2019-02-21,-0.42 
2019-02-22,1.78 
2019-02-25,6.28 
2019-02-26,-1.93 
2019-02-27,0.60 
